,age,hourly_wages,education_years
0,40.0,10.56,15.0
1,19.0,11.0,13.0
2,46.0,17.76,14.0
3,50.0,14.0,16.0
4,31.0,8.2,15.0
5,30.0,16.97,13.0
6,61.0,6.7,12.0
7,46.0,14.0,14.0
8,43.0,19.2,18.0
9,17.0,7.25,11.0
10,46.0,16.0,7.0
11,32.0,23.0,14.0
12,35.0,36.11,17.0
13,39.0,20.16,20.0
14,32.0,12.61,13.0
15,30.0,13.65,19.0
16,20.0,9.0,13.0
17,48.0,18.07,13.0
18,39.0,16.01,19.0
19,38.0,26.4,12.0
20,37.0,20.65,19.0
21,37.0,23.04,19.0
22,31.0,24.03,18.0
23,46.0,12.0,14.0
24,41.0,25.6,13.0
25,31.0,6.85,15.0
26,40.0,15.0,12.0
27,60.0,9.75,8.0
28,17.0,6.7,11.0
29,39.0,15.0,17.0
30,24.0,10.5,13.0
31,52.0,13.26,12.0
32,34.0,17.75,18.0
33,34.0,14.26,12.0
34,34.0,18.05,15.0
35,40.0,18.39,9.0
36,48.0,18.92,10.0
37,39.0,20.64,19.0
38,33.0,15.49,14.0
39,62.0,10.4,13.0
40,28.0,15.39,15.0
41,36.0,16.8,12.0
42,47.0,15.36,20.0
43,53.0,17.98,12.0
44,20.0,6.7,14.0
45,17.0,5.0,11.0
46,20.0,12.0,12.0
47,31.0,6.66,15.0
48,53.0,14.0,13.0
49,34.0,25.6,14.0
50,28.0,18.43,17.0
51,48.0,11.5,12.0
52,27.0,14.0,8.0
53,22.0,6.03,14.0
54,45.0,8.23,13.0
55,51.0,15.36,11.0
56,57.0,13.75,8.0
57,34.0,7.44,9.0
58,44.0,24.96,18.0
59,54.0,33.18,20.0
60,26.0,11.59,13.0
61,33.0,14.09,14.0
62,32.0,23.52,13.0
63,48.0,15.84,12.0
64,50.0,23.72,9.0
65,65.0,8.37,12.0
66,26.0,10.2,12.0
67,23.0,7.61,14.0
68,21.0,6.75,10.0
69,35.0,25.91,14.0
70,35.0,15.94,13.0
71,28.0,6.71,13.0
72,34.0,20.79,12.0
73,49.0,8.75,12.0
74,47.0,20.99,14.0
75,42.0,40.32,14.0
76,19.0,8.2,14.0
77,27.0,11.0,13.0
78,30.0,15.0,12.0
79,60.0,40.8,20.0
80,51.0,8.0,12.0
81,45.0,14.5,10.0
82,31.0,9.0,13.0
83,51.0,14.4,8.0
84,53.0,12.0,11.0
85,18.0,7.0,14.0
86,48.0,25.92,18.0
87,41.0,25.44,11.0
88,34.0,10.0,12.0
89,56.0,12.97,15.0
90,19.0,7.0,14.0
91,18.0,8.89,12.0
92,41.0,21.57,9.0
93,40.0,20.61,12.0
94,41.0,11.11,11.0
95,55.0,22.13,14.0
96,30.0,13.5,17.0
97,32.0,21.56,19.0
98,16.0,6.75,10.0
99,25.0,13.0,14.0
100,23.0,5.54,18.0
101,17.0,6.48,11.0
102,39.0,40.8,16.0
103,39.0,13.01,10.0
104,49.0,19.17,17.0
105,31.0,25.75,12.0
106,39.0,30.0,20.0
107,40.0,9.25,10.0
108,17.0,5.76,10.0
109,17.0,3.75,11.0
110,54.0,40.96,10.0
111,41.0,21.39,18.0
112,24.0,3.12,17.0
113,28.0,14.96,16.0
114,37.0,12.55,13.0
115,21.0,6.75,15.0
116,21.0,10.56,11.0
117,18.0,10.75,12.0
118,34.0,5.17,17.0
119,50.0,19.15,13.0
120,48.0,35.66,20.0
121,20.0,9.85,13.0
122,34.0,27.8,12.0
123,31.0,13.12,12.0
124,44.0,41.38,11.0
125,42.0,31.5,15.0
126,58.0,15.0,17.0
127,38.0,14.85,13.0
128,28.0,19.2,14.0
129,63.0,7.31,11.0
130,33.0,13.88,12.0
131,57.0,16.0,11.0
132,19.0,7.52,11.0
133,26.0,12.84,12.0
134,43.0,6.42,12.0
135,31.0,17.58,12.0
136,65.0,15.07,5.0
137,50.0,28.66,17.0
138,20.0,6.06,12.0
139,34.0,17.68,12.0
140,40.0,28.78,16.0
141,31.0,9.22,13.0
142,27.0,7.6,11.0
143,53.0,13.29,8.0
144,19.0,7.2,14.0
145,39.0,14.03,8.0
146,40.0,23.04,14.0
147,40.0,12.3,20.0
148,24.0,21.5,13.0
149,19.0,9.4,11.0
150,59.0,11.5,8.0
151,22.0,5.92,14.0
152,57.0,27.79,13.0
153,39.0,17.6,16.0
154,65.0,12.0,6.0
155,32.0,22.19,16.0
156,20.0,9.0,14.0
157,45.0,12.83,17.0
158,16.0,5.9,10.0
159,26.0,15.79,17.0
160,17.0,7.15,11.0
161,41.0,21.15,12.0
162,30.0,17.14,12.0
163,34.0,19.68,11.0
164,31.0,10.0,16.0
165,20.0,7.66,16.0
166,35.0,7.0,8.0
167,55.0,14.23,9.0
168,20.0,6.5,16.0
169,36.0,10.25,11.0
170,25.0,10.5,14.0
171,25.0,8.92,19.0
172,37.0,26.88,13.0
173,44.0,19.07,13.0
174,36.0,12.0,14.0
175,24.0,8.5,14.0
176,36.0,19.67,12.0
177,38.0,23.04,20.0
178,34.0,15.92,20.0
179,64.0,8.83,10.0
180,25.0,16.46,18.0
181,56.0,18.24,10.0
182,37.0,12.0,14.0
183,58.0,28.8,10.0
184,46.0,34.78,18.0
185,27.0,12.8,12.0
186,43.0,7.5,18.0
187,57.0,18.19,10.0
188,34.0,21.55,12.0
189,52.0,7.0,16.0
190,43.0,11.3,12.0
191,38.0,9.58,18.0
192,38.0,15.43,17.0
193,38.0,12.58,0.0
194,46.0,16.22,15.0
195,29.0,13.65,14.0
196,30.0,16.8,17.0
197,31.0,8.5,13.0
198,39.0,20.29,20.0
199,53.0,27.9,15.0
200,30.0,7.0,12.0
201,25.0,7.25,14.0
202,49.0,14.75,16.0
203,40.0,17.45,17.0
204,46.0,16.0,16.0
205,23.0,15.1,15.0
206,27.0,9.0,10.0
207,28.0,11.6,12.0
208,33.0,16.48,12.0
209,52.0,26.88,17.0
210,40.0,9.65,14.0
211,44.0,23.35,20.0
212,29.0,10.59,12.0
213,20.0,7.79,12.0
214,44.0,15.05,19.0
215,19.0,6.5,13.0
216,34.0,4.8,10.0
217,36.0,21.33,20.0
218,51.0,22.99,12.0
219,24.0,16.28,16.0
220,18.0,7.0,12.0
221,50.0,32.59,16.0
222,25.0,9.25,9.0
223,19.0,7.0,13.0
224,43.0,21.12,17.0
225,44.0,18.0,13.0
226,31.0,19.94,12.0
227,62.0,21.43,12.0
228,33.0,5.8,14.0
229,42.0,17.67,13.0
230,43.0,16.0,13.0
231,38.0,19.58,13.0
232,49.0,15.65,14.0
233,23.0,15.42,14.0
234,47.0,7.0,13.0
235,34.0,11.27,9.0
236,35.0,15.0,11.0
237,49.0,27.5,10.0
238,50.0,7.0,8.0
239,44.0,29.53,17.0
240,29.0,11.97,5.0
241,30.0,9.0,9.0
242,60.0,25.6,13.0
243,37.0,15.6,13.0
244,54.0,11.0,4.0
245,35.0,11.25,12.0
246,43.0,32.91,18.0
247,37.0,14.2,14.0
248,20.0,6.85,13.0
249,44.0,28.8,20.0
250,30.0,6.7,12.0
251,17.0,6.62,10.0
252,32.0,28.54,15.0
253,50.0,22.27,19.0
254,40.0,30.72,20.0
255,33.0,26.39,18.0
256,39.0,33.28,16.0
257,23.0,6.36,14.0
258,30.0,12.86,13.0
259,36.0,18.29,14.0
260,28.0,13.6,16.0
261,28.0,18.25,17.0
262,32.0,16.62,9.0
263,17.0,6.35,10.0
264,37.0,21.81,13.0
265,18.0,7.19,13.0
266,42.0,25.6,18.0
267,41.0,19.0,11.0
268,44.0,13.07,16.0
269,48.0,7.0,12.0
270,43.0,40.96,17.0
271,35.0,34.67,17.0
272,56.0,11.25,10.0
273,54.0,24.0,14.0
274,45.0,7.0,14.0
275,50.0,30.65,14.0
276,19.0,9.1,12.0
277,50.0,23.04,13.0
278,32.0,20.1,17.0
279,31.0,13.91,18.0
280,42.0,18.72,18.0
281,30.0,24.38,20.0
282,27.0,6.83,13.0
283,26.0,20.91,16.0
284,30.0,14.85,12.0
285,52.0,14.29,12.0
286,20.0,8.0,16.0
287,37.0,14.0,18.0
288,23.0,8.0,13.0
289,53.0,12.0,12.0
290,34.0,17.43,17.0
291,24.0,9.56,17.0
292,51.0,12.13,12.0
293,32.0,15.0,12.0
294,23.0,4.82,15.0
295,45.0,17.9,13.0
296,35.0,12.55,12.0
297,52.0,27.73,17.0
298,26.0,10.0,14.0
299,37.0,9.83,14.0
300,41.0,22.23,16.0
301,43.0,19.2,18.0
302,41.0,7.25,12.0
303,41.0,12.0,13.0
304,62.0,32.16,18.0
305,16.0,5.0,11.0
306,21.0,24.32,16.0
307,29.0,9.76,14.0
308,48.0,21.6,11.0
309,31.0,16.5,12.0
310,28.0,15.0,17.0
311,27.0,19.2,18.0
312,34.0,15.84,16.0
313,48.0,11.2,8.0
314,23.0,9.0,15.0
315,54.0,9.6,10.0
316,38.0,14.0,17.0
317,33.0,20.0,13.0
318,57.0,8.0,17.0
319,36.0,7.49,12.0
320,19.0,8.18,13.0
321,32.0,18.77,13.0
322,44.0,20.76,18.0
323,60.0,26.38,8.0
324,38.0,10.0,16.0
325,38.0,7.1,9.0
326,44.0,33.6,13.0
327,52.0,30.24,17.0
328,29.0,13.0,18.0
329,41.0,18.74,17.0
330,26.0,3.15,11.0
331,55.0,11.26,12.0
332,20.0,7.25,12.0
333,35.0,12.5,11.0
334,35.0,8.8,12.0
335,62.0,14.4,17.0
336,37.0,24.33,15.0
337,44.0,9.0,17.0
338,49.0,21.6,13.0
339,47.0,12.79,12.0
340,64.0,15.36,11.0
341,53.0,14.49,16.0
342,33.0,14.05,15.0
343,39.0,16.42,7.0
344,22.0,8.97,13.0
345,60.0,8.0,11.0
346,36.0,13.5,16.0
347,29.0,12.0,20.0
348,23.0,10.25,12.0
349,55.0,27.43,16.0
350,34.0,11.32,17.0
351,33.0,15.77,12.0
352,35.0,10.87,14.0
353,38.0,11.29,10.0
354,55.0,28.8,12.0
355,20.0,7.41,13.0
356,32.0,15.0,13.0
357,23.0,10.05,12.0
358,27.0,7.08,16.0
359,37.0,18.28,16.0
360,27.0,11.5,13.0
361,46.0,16.0,15.0
362,25.0,15.0,15.0
363,47.0,12.0,13.0
364,51.0,8.13,10.0
365,53.0,19.0,8.0
366,26.0,7.0,18.0
367,55.0,8.61,12.0
368,49.0,23.46,18.0
369,28.0,5.93,10.0
370,43.0,19.75,17.0
371,23.0,7.2,17.0
372,38.0,13.44,10.0
373,50.0,15.5,12.0
374,35.0,7.12,12.0
375,41.0,9.14,17.0
376,38.0,17.88,16.0
377,27.0,18.75,15.0
378,39.0,20.5,17.0
379,41.0,31.8,17.0
380,19.0,6.75,12.0
381,33.0,9.05,11.0
382,17.0,7.0,11.0
383,37.0,11.5,9.0
384,34.0,11.0,10.0
385,49.0,10.81,0.0
386,38.0,25.08,14.0
387,19.0,6.7,11.0
388,61.0,10.2,12.0
389,51.0,24.0,15.0
390,26.0,16.3,12.0
391,51.0,18.39,12.0
392,57.0,3.62,13.0
393,58.0,24.0,11.0
394,44.0,16.0,12.0
395,36.0,14.5,12.0
396,45.0,22.81,8.0
397,32.0,19.18,12.0
398,39.0,8.0,11.0
399,37.0,13.68,12.0
400,49.0,9.42,12.0
401,38.0,28.8,16.0
402,54.0,28.8,14.0
403,37.0,21.23,15.0
404,32.0,24.46,13.0
405,41.0,16.0,12.0
406,32.0,17.07,14.0
407,46.0,38.0,17.0
408,42.0,20.1,14.0
409,50.0,18.19,12.0
410,37.0,8.0,13.0
411,23.0,7.0,13.0
412,41.0,27.84,17.0
413,61.0,17.59,9.0
414,19.0,7.0,14.0
415,45.0,15.36,11.0
416,64.0,14.0,8.0
417,34.0,15.0,13.0
418,29.0,13.59,14.0
419,17.0,9.6,10.0
420,34.0,17.0,11.0
421,62.0,9.5,3.0
422,43.0,17.5,12.0
423,34.0,17.81,13.0
424,21.0,7.16,13.0
425,17.0,5.75,12.0
426,64.0,15.0,13.0
427,53.0,9.65,12.0
428,30.0,18.04,15.0
429,36.0,27.75,16.0
430,41.0,15.36,12.0
431,47.0,19.91,13.0
432,38.0,12.0,7.0
433,21.0,3.59,13.0
434,18.0,7.2,11.0
435,22.0,13.0,15.0
436,27.0,7.0,9.0
437,24.0,12.56,15.0
438,54.0,6.44,7.0
439,38.0,10.0,16.0
440,37.0,13.49,10.0
441,19.0,5.85,13.0
442,43.0,22.7,12.0
443,42.0,13.07,19.0
444,57.0,6.7,6.0
445,19.0,7.0,13.0
446,38.0,20.48,11.0
447,32.0,25.6,18.0
448,54.0,7.75,13.0
449,20.0,9.18,12.0
450,20.0,7.92,13.0
451,37.0,43.2,16.0
452,29.0,18.74,16.0
453,36.0,22.98,15.0
454,61.0,14.04,9.0
455,40.0,14.88,13.0
456,57.0,7.6,9.0
457,24.0,7.68,15.0
458,24.0,6.9,16.0
459,34.0,8.75,11.0
460,32.0,10.96,12.0
461,41.0,13.73,19.0
462,48.0,27.0,15.0
463,54.0,12.21,12.0
464,47.0,30.1,13.0
465,51.0,18.24,11.0
466,34.0,10.0,12.0
467,38.0,18.54,12.0
468,60.0,25.0,11.0
469,23.0,14.34,12.0
470,16.0,6.73,10.0
471,57.0,7.85,9.0
472,19.0,6.94,14.0
473,56.0,14.07,12.0
474,36.0,12.0,12.0
475,43.0,8.0,14.0
476,39.0,28.36,15.0
477,55.0,9.49,9.0
478,56.0,15.04,13.0
479,42.0,16.9,12.0
480,37.0,27.34,14.0
481,29.0,8.05,12.0
482,29.0,10.0,15.0
483,30.0,19.2,16.0
484,29.0,5.6,12.0
485,51.0,11.36,12.0
486,32.0,18.94,16.0
487,21.0,9.43,11.0
488,45.0,18.21,12.0
489,39.0,20.84,13.0
490,31.0,24.0,17.0
491,53.0,27.84,18.0
492,46.0,34.56,12.0
493,45.0,15.87,10.0
494,58.0,31.9,8.0
495,18.0,6.7,11.0
496,29.0,12.0,8.0
497,20.0,7.0,13.0
498,61.0,7.89,12.0
499,18.0,9.82,12.0
500,43.0,6.7,20.0
501,25.0,7.0,12.0
502,26.0,18.0,15.0
503,38.0,26.18,17.0
504,60.0,33.6,13.0
505,36.0,20.0,12.0
506,20.0,6.85,12.0
507,33.0,15.85,11.0
508,38.0,7.48,12.0
509,56.0,28.14,16.0
510,62.0,7.67,5.0
511,57.0,13.88,10.0
512,58.0,17.44,5.0
513,58.0,14.05,10.0
514,56.0,13.54,12.0
515,63.0,19.86,12.0
516,26.0,18.72,16.0
517,29.0,21.6,16.0
518,27.0,18.35,12.0
519,32.0,8.26,10.0
520,40.0,20.85,12.0
521,30.0,12.0,12.0
522,53.0,14.36,10.0
523,35.0,12.96,18.0
524,40.0,17.0,14.0
525,17.0,6.46,10.0
526,18.0,9.34,12.0
527,37.0,15.51,12.0
528,34.0,25.0,17.0
529,35.0,19.0,12.0
530,42.0,8.5,12.0
531,46.0,8.0,13.0
532,58.0,20.45,17.0
533,46.0,18.87,14.0
534,26.0,10.0,12.0
535,31.0,12.29,13.0
536,48.0,14.28,13.0
537,42.0,9.0,12.0
538,45.0,19.33,10.0
539,42.0,10.56,13.0
540,48.0,23.09,12.0
541,49.0,21.44,13.0
542,22.0,7.0,18.0
543,51.0,16.5,12.0
544,24.0,18.9,19.0
545,35.0,15.75,10.0
546,28.0,13.21,16.0
547,27.0,17.1,15.0
548,44.0,16.08,14.0
549,41.0,15.65,10.0
550,32.0,13.13,19.0
551,28.0,15.52,13.0
552,29.0,23.04,16.0
553,61.0,8.0,12.0
554,44.0,10.85,10.0
555,22.0,12.31,16.0
556,41.0,12.81,10.0
557,24.0,21.0,18.0
558,33.0,16.12,12.0
559,33.0,21.6,12.0
560,32.0,12.35,15.0
561,38.0,16.32,15.0
562,53.0,19.2,11.0
563,58.0,13.23,10.0
564,32.0,21.43,15.0
565,34.0,16.25,9.0
566,31.0,23.63,13.0
567,29.0,8.0,16.0
568,19.0,7.49,11.0
569,20.0,6.0,15.0
570,39.0,21.0,11.0
571,37.0,12.03,13.0
572,37.0,10.0,13.0
573,38.0,19.68,12.0
574,45.0,10.0,11.0
575,32.0,24.74,19.0
576,28.0,13.75,17.0
577,23.0,8.97,11.0
578,46.0,14.5,14.0
579,62.0,9.48,8.0
580,40.0,9.2,13.0
581,30.0,14.52,15.0
582,47.0,16.68,12.0
583,20.0,10.07,13.0
584,26.0,7.97,10.0
585,39.0,22.8,12.0
586,47.0,17.77,15.0
587,39.0,15.36,16.0
588,39.0,24.92,12.0
589,24.0,10.0,17.0
590,18.0,6.6,10.0
591,17.0,7.73,9.0
592,32.0,14.8,9.0
593,41.0,9.33,14.0
594,51.0,10.35,17.0
595,21.0,11.43,12.0
596,48.0,30.0,16.0
597,30.0,15.0,15.0
598,24.0,10.46,14.0
599,26.0,22.04,17.0
600,25.0,11.0,15.0
601,47.0,24.0,15.0
602,32.0,17.0,15.0
603,36.0,19.0,12.0
604,38.0,15.0,12.0
605,39.0,24.0,16.0
606,39.0,12.65,12.0
607,32.0,10.56,15.0
608,22.0,13.0,11.0
609,21.0,6.0,14.0
610,26.0,7.88,14.0
611,33.0,12.94,17.0
612,47.0,15.78,16.0
613,54.0,24.0,6.0
614,31.0,24.69,18.0
615,53.0,18.96,15.0
616,31.0,12.13,11.0
617,28.0,14.62,13.0
618,29.0,13.0,16.0
619,25.0,13.5,11.0
620,54.0,13.62,14.0
621,51.0,9.4,10.0
622,34.0,14.77,17.0
623,24.0,7.5,12.0
624,31.0,11.5,13.0
625,46.0,10.0,14.0
626,42.0,28.8,12.0
627,28.0,19.38,11.0
628,30.0,24.0,15.0
629,20.0,6.71,11.0
630,43.0,23.42,12.0
631,34.0,15.33,13.0
632,28.0,12.48,13.0
633,37.0,14.65,12.0
634,35.0,8.91,10.0
635,51.0,16.46,11.0
636,37.0,16.76,19.0
637,31.0,15.34,12.0
638,45.0,26.62,16.0
639,23.0,8.96,12.0
640,42.0,20.87,13.0
641,19.0,7.0,12.0
642,47.0,38.34,20.0
643,28.0,9.0,13.0
644,38.0,25.63,14.0
645,48.0,30.72,16.0
646,29.0,5.15,12.0
647,42.0,21.6,15.0
648,62.0,28.8,15.0
649,28.0,14.93,19.0
650,25.0,15.0,15.0
651,20.0,9.0,14.0
652,24.0,13.76,10.0
653,48.0,24.0,12.0
654,51.0,28.16,14.0
655,56.0,6.48,10.0
656,38.0,13.06,13.0
657,45.0,17.46,9.0
658,18.0,6.76,13.0
659,30.0,21.94,17.0
660,52.0,18.79,14.0
661,40.0,29.22,16.0
662,40.0,13.75,17.0
663,30.0,10.22,13.0
664,55.0,21.99,16.0
665,34.0,15.25,12.0
666,23.0,6.7,16.0
667,24.0,8.47,17.0
668,20.0,11.0,14.0
669,25.0,13.14,15.0
670,23.0,11.45,12.0
671,56.0,21.94,11.0
672,57.0,36.32,17.0
673,49.0,12.48,10.0
674,30.0,16.06,16.0
675,61.0,16.85,10.0
676,49.0,14.0,15.0
677,42.0,7.0,16.0
678,42.0,8.33,14.0
679,52.0,11.78,13.0
680,58.0,12.25,12.0
681,42.0,21.94,17.0
682,41.0,10.18,10.0
683,40.0,18.81,13.0
684,24.0,4.63,14.0
685,40.0,22.21,13.0
686,23.0,9.45,13.0
687,49.0,21.34,12.0
688,36.0,11.87,13.0
689,44.0,25.12,12.0
690,20.0,8.03,11.0
691,48.0,16.0,12.0
692,35.0,14.89,17.0
693,18.0,6.7,13.0
694,41.0,18.92,20.0
695,30.0,21.1,15.0
696,49.0,10.0,12.0
697,60.0,6.25,10.0
698,33.0,9.0,9.0
699,31.0,13.0,10.0
700,18.0,7.16,7.0
701,45.0,7.01,4.0
702,18.0,9.63,12.0
703,56.0,13.78,10.0
704,23.0,15.36,18.0
705,18.0,7.0,12.0
706,25.0,11.0,11.0
707,55.0,15.43,11.0
708,33.0,11.5,15.0
709,33.0,29.62,13.0
710,46.0,33.39,16.0
711,30.0,22.08,12.0
712,26.0,12.51,13.0
713,18.0,6.7,12.0
714,34.0,9.57,15.0
715,45.0,9.66,10.0
716,29.0,19.04,20.0
717,26.0,13.0,17.0
718,58.0,9.0,8.0
719,45.0,22.68,15.0
720,21.0,6.5,12.0
721,57.0,6.75,12.0
722,40.0,26.98,20.0
723,46.0,30.1,16.0
724,33.0,38.76,11.0
725,33.0,18.13,16.0
726,35.0,17.0,8.0
727,33.0,11.0,10.0
728,29.0,6.61,16.0
729,64.0,19.19,13.0
730,39.0,38.4,15.0
731,16.0,6.0,10.0
732,46.0,27.36,19.0
733,46.0,8.9,12.0
734,20.0,9.0,14.0
735,51.0,12.0,15.0
736,23.0,12.9,17.0
737,48.0,16.67,12.0
738,54.0,18.58,8.0
739,41.0,19.0,13.0
740,37.0,25.51,16.0
741,49.0,23.04,17.0
742,39.0,14.47,12.0
743,29.0,7.5,12.0
744,51.0,11.55,10.0
745,27.0,12.0,15.0
746,27.0,17.57,18.0
747,27.0,10.0,19.0
748,34.0,15.54,12.0
749,22.0,8.33,11.0
750,54.0,7.0,12.0
751,39.0,6.7,12.0
752,44.0,17.67,16.0
753,26.0,10.08,13.0
754,26.0,18.24,16.0
755,46.0,19.56,20.0
756,23.0,8.0,15.0
757,33.0,5.22,15.0
758,35.0,25.44,10.0
759,21.0,8.48,12.0
760,35.0,14.88,12.0
761,37.0,22.53,15.0
762,18.0,7.0,11.0
763,38.0,9.54,8.0
764,49.0,9.32,13.0
765,36.0,26.82,12.0
766,39.0,23.68,13.0
767,19.0,6.15,12.0
768,58.0,9.5,12.0
769,27.0,11.97,14.0
770,42.0,15.89,13.0
771,33.0,23.04,20.0
772,24.0,15.42,16.0
773,35.0,14.63,12.0
774,47.0,8.79,12.0
775,27.0,18.72,17.0
776,25.0,6.85,16.0
777,33.0,7.78,14.0
778,40.0,15.85,14.0
779,18.0,6.35,13.0
780,40.0,38.07,19.0
781,36.0,5.75,14.0
782,57.0,12.0,8.0
783,25.0,15.74,17.0
784,54.0,12.91,9.0
785,26.0,15.36,12.0
786,41.0,25.44,11.0
787,21.0,9.24,15.0
788,18.0,8.5,12.0
789,45.0,8.7,12.0
790,38.0,16.32,15.0
791,22.0,6.09,14.0
792,31.0,21.6,18.0
793,25.0,17.5,11.0
794,25.0,6.4,11.0
795,42.0,14.65,13.0
796,21.0,6.34,14.0
797,45.0,40.56,15.0
798,39.0,13.7,20.0
799,38.0,24.0,12.0
800,63.0,18.24,14.0
801,45.0,13.25,14.0
802,60.0,9.7,11.0
803,36.0,10.75,13.0
804,44.0,2.3,12.0
805,45.0,24.36,12.0
806,45.0,14.88,16.0
807,28.0,17.14,14.0
808,49.0,17.1,12.0
809,31.0,14.4,12.0
810,40.0,7.56,14.0
811,51.0,9.75,11.0
812,50.0,18.46,19.0
813,40.0,22.08,20.0
814,22.0,8.33,13.0
815,57.0,26.93,14.0
816,35.0,22.36,18.0
817,30.0,19.2,19.0
818,56.0,21.68,13.0
819,34.0,8.33,15.0
820,38.0,22.27,20.0
821,45.0,29.9,14.0
822,35.0,23.81,17.0
823,38.0,28.32,17.0
824,25.0,7.2,17.0
825,21.0,10.0,12.0
826,25.0,17.21,17.0
827,36.0,12.48,12.0
828,35.0,18.24,17.0
829,31.0,23.04,16.0
830,64.0,15.99,15.0
831,47.0,19.2,10.0
832,33.0,11.88,12.0
833,22.0,11.92,14.0
834,33.0,18.0,12.0
835,49.0,31.74,17.0
836,22.0,8.5,14.0
837,38.0,24.0,15.0
838,22.0,11.0,17.0
839,31.0,24.05,14.0
840,47.0,19.2,12.0
841,53.0,17.26,11.0
842,39.0,44.78,11.0
843,48.0,14.02,9.0
844,54.0,8.0,15.0
845,32.0,12.86,14.0
846,42.0,13.8,11.0
847,47.0,22.32,13.0
848,40.0,8.75,10.0
849,46.0,8.89,12.0
850,24.0,15.5,14.0
851,32.0,15.16,14.0
852,33.0,6.13,12.0
853,17.0,7.0,12.0
854,22.0,6.7,10.0
855,54.0,8.5,9.0
856,20.0,3.84,12.0
857,60.0,17.0,9.0
858,60.0,24.0,11.0
859,52.0,15.57,12.0
860,39.0,13.48,9.0
861,60.0,12.5,13.0
862,18.0,6.75,12.0
863,42.0,21.6,13.0
864,30.0,25.85,18.0
865,51.0,5.75,12.0
866,19.0,6.63,12.0
867,51.0,15.0,6.0
868,56.0,19.97,13.0
869,39.0,13.7,15.0
870,64.0,17.45,10.0
871,24.0,8.34,17.0
872,58.0,8.41,11.0
873,25.0,14.0,16.0
874,29.0,8.6,9.0
875,64.0,11.18,0.0
876,42.0,14.4,13.0
877,38.0,16.0,13.0
878,32.0,20.64,13.0
879,60.0,11.8,9.0
880,16.0,6.25,10.0
881,42.0,23.04,20.0
882,36.0,11.9,12.0
883,16.0,9.01,10.0
884,44.0,47.36,16.0
885,25.0,8.0,13.0
886,53.0,15.84,12.0
887,55.0,12.07,13.0
888,29.0,20.0,17.0
889,31.0,12.48,12.0
890,30.0,7.93,12.0
891,51.0,30.24,17.0
892,25.0,8.75,14.0
893,34.0,12.2,13.0
894,53.0,18.75,18.0
895,54.0,15.95,13.0
896,25.0,11.0,13.0
897,41.0,13.0,17.0
898,47.0,15.36,12.0
899,50.0,7.1,9.0
900,36.0,10.84,11.0
901,36.0,15.36,12.0
902,38.0,21.39,16.0
903,28.0,7.08,17.0
904,20.0,6.7,13.0
905,34.0,26.77,14.0
906,32.0,15.0,13.0
907,37.0,30.0,16.0
908,39.0,17.62,12.0
909,46.0,10.0,9.0
910,29.0,9.89,18.0
911,32.0,25.0,15.0
912,58.0,32.12,20.0
913,30.0,25.0,13.0
914,36.0,7.36,12.0
915,17.0,8.75,11.0
916,45.0,15.23,10.0
917,47.0,18.0,12.0
918,30.0,27.8,9.0
919,24.0,17.95,15.0
920,50.0,40.05,20.0
921,29.0,12.5,9.0
922,64.0,13.05,9.0
923,44.0,17.85,13.0
924,31.0,15.0,14.0
925,34.0,10.0,13.0
926,31.0,11.29,13.0
927,38.0,7.54,12.0
928,27.0,14.96,13.0
929,32.0,10.26,10.0
930,16.0,3.75,10.0
931,26.0,16.22,12.0
932,53.0,33.59,15.0
933,36.0,11.0,14.0
934,32.0,20.3,12.0
935,34.0,15.75,20.0
936,42.0,13.59,13.0
937,41.0,11.5,12.0
938,24.0,9.35,17.0
939,16.0,8.12,12.0
940,21.0,4.96,16.0
941,65.0,32.64,12.0
942,36.0,28.73,15.0
943,39.0,9.6,12.0
944,27.0,16.51,13.0
945,29.0,24.07,19.0
946,47.0,16.5,18.0
947,54.0,14.71,9.0
948,40.0,19.0,18.0
949,31.0,7.5,15.0
950,56.0,19.2,7.0
951,48.0,16.0,10.0
952,47.0,16.22,10.0
953,41.0,6.83,14.0
954,33.0,3.64,13.0
955,30.0,19.2,12.0
956,25.0,7.5,12.0
957,37.0,10.18,15.0
958,24.0,30.0,17.0
959,50.0,17.76,10.0
960,23.0,6.58,12.0
961,64.0,14.23,13.0
962,30.0,10.0,20.0
963,34.0,7.0,17.0
964,41.0,22.39,17.0
965,42.0,4.29,13.0
966,18.0,46.15,11.0
967,53.0,11.52,9.0
968,49.0,6.85,8.0
969,45.0,6.53,10.0
970,36.0,23.96,14.0
971,54.0,28.74,17.0
972,54.0,23.04,13.0
973,61.0,16.81,12.0
974,39.0,24.0,12.0
975,27.0,19.55,14.0
976,25.0,7.2,19.0
977,38.0,8.55,11.0
978,26.0,19.39,15.0
979,31.0,24.48,19.0
980,31.0,17.0,10.0
981,48.0,20.16,16.0
982,36.0,18.56,13.0
983,35.0,12.81,15.0
984,25.0,7.03,12.0
985,54.0,25.8,12.0
986,43.0,26.11,16.0
987,44.0,20.64,14.0
988,33.0,11.99,13.0
989,19.0,7.4,12.0
990,42.0,31.71,12.0
991,36.0,11.0,10.0
992,35.0,22.4,15.0
993,22.0,6.75,16.0
994,46.0,18.24,10.0
995,24.0,7.47,9.0
996,37.0,12.39,9.0
997,46.0,33.59,17.0
998,42.0,20.85,18.0
999,30.0,15.28,12.0
1000,29.0,17.1,13.0
1001,60.0,11.68,8.0
1002,26.0,7.0,13.0
1003,38.0,5.69,10.0
1004,36.0,22.54,15.0
1005,37.0,8.53,13.0
1006,46.0,14.13,19.0
1007,45.0,16.32,14.0
1008,28.0,12.29,17.0
1009,36.0,9.23,12.0
1010,51.0,15.0,17.0
1011,31.0,19.61,13.0
1012,35.0,27.79,18.0
1013,24.0,10.56,16.0
1014,25.0,7.0,14.0
1015,23.0,10.0,14.0
1016,47.0,6.63,12.0
1017,51.0,18.92,12.0
1018,40.0,18.24,14.0
1019,43.0,29.26,16.0
1020,34.0,16.45,13.0
1021,50.0,11.49,12.0
1022,21.0,6.7,15.0
1023,37.0,13.25,12.0
1024,43.0,14.59,18.0
1025,34.0,15.36,13.0
1026,55.0,16.4,13.0
1027,41.0,12.0,13.0
1028,17.0,9.15,12.0
1029,37.0,8.61,14.0
1030,42.0,25.58,17.0
1031,42.0,21.6,12.0
1032,22.0,13.06,9.0
1033,36.0,15.0,13.0
1034,31.0,9.0,14.0
1035,42.0,12.8,14.0
1036,32.0,16.0,16.0
1037,31.0,18.03,15.0
1038,19.0,12.0,17.0
1039,29.0,18.26,14.0
1040,29.0,15.84,20.0
1041,29.0,6.76,13.0
1042,43.0,19.68,11.0
1043,54.0,24.0,16.0
1044,31.0,7.0,12.0
1045,19.0,3.63,13.0
1046,54.0,27.65,18.0
1047,25.0,17.87,17.0
1048,37.0,27.93,12.0
1049,34.0,14.35,10.0
1050,46.0,17.84,8.0
1051,44.0,15.0,12.0
1052,40.0,21.0,10.0
1053,37.0,25.0,16.0
1054,25.0,15.36,17.0
1055,45.0,21.12,17.0
1056,39.0,13.44,16.0
1057,37.0,20.31,14.0
1058,21.0,9.41,13.0
1059,19.0,6.8,12.0
1060,57.0,23.04,11.0
1061,17.0,9.21,10.0
1062,25.0,13.63,13.0
1063,44.0,24.0,16.0
1064,42.0,20.95,13.0
1065,44.0,7.5,11.0
1066,37.0,17.34,12.0
1067,19.0,7.05,10.0
1068,31.0,21.3,10.0
1069,34.0,15.0,12.0
1070,43.0,13.56,13.0
1071,48.0,32.64,18.0
1072,49.0,47.88,19.0
1073,33.0,30.38,14.0
1074,45.0,23.0,14.0
1075,17.0,6.7,12.0
1076,35.0,23.04,12.0
1077,53.0,13.82,10.0
1078,17.0,6.54,12.0
1079,28.0,12.0,12.0
1080,59.0,16.7,19.0
1081,36.0,12.8,14.0
1082,47.0,20.0,16.0
1083,29.0,9.03,16.0
1084,47.0,30.24,18.0
1085,40.0,16.73,12.0
1086,64.0,10.0,9.0
1087,33.0,12.78,11.0
1088,26.0,21.31,20.0
1089,24.0,45.36,15.0
1090,43.0,20.07,16.0
1091,24.0,8.39,17.0
1092,34.0,19.2,12.0
1093,40.0,35.2,14.0
1094,65.0,6.71,12.0
1095,47.0,21.6,12.0
1096,23.0,23.06,19.0
1097,49.0,14.84,10.0
1098,48.0,19.18,9.0
1099,42.0,12.37,12.0
1100,37.0,21.04,12.0
1101,61.0,6.75,11.0
1102,26.0,10.98,12.0
1103,19.0,12.0,13.0
1104,28.0,10.7,15.0
1105,36.0,17.67,15.0
1106,23.0,9.99,15.0
1107,45.0,28.8,12.0
1108,27.0,14.38,16.0
1109,39.0,11.81,10.0
1110,19.0,6.5,12.0
1111,47.0,22.0,10.0
1112,25.0,17.42,18.0
1113,40.0,11.61,13.0
1114,35.0,9.43,12.0
1115,41.0,19.9,17.0
1116,20.0,8.65,13.0
1117,47.0,19.2,15.0
1118,28.0,10.18,12.0
1119,16.0,6.76,10.0
1120,25.0,12.96,16.0
1121,26.0,7.35,18.0
1122,52.0,40.96,17.0
1123,29.0,13.59,12.0
1124,33.0,9.54,12.0
1125,46.0,14.49,10.0
1126,49.0,28.8,17.0
1127,17.0,10.0,11.0
1128,21.0,6.7,14.0
1129,47.0,26.96,13.0
1130,19.0,12.19,13.0
1131,19.0,6.5,12.0
1132,52.0,32.91,17.0
1133,22.0,15.0,14.0
1134,31.0,15.0,14.0
1135,23.0,5.11,15.0
1136,18.0,7.0,15.0
1137,52.0,31.2,10.0
1138,38.0,23.04,18.0
1139,18.0,6.78,13.0
1140,52.0,15.36,15.0
1141,49.0,13.68,11.0
1142,35.0,17.0,13.0
1143,53.0,25.92,14.0
1144,17.0,6.85,11.0
1145,31.0,13.92,14.0
1146,17.0,6.7,11.0
1147,26.0,16.59,20.0
1148,19.0,14.06,12.0
1149,20.0,5.64,13.0
1150,45.0,10.45,19.0
1151,38.0,14.34,10.0
1152,30.0,14.11,17.0
1153,42.0,16.96,0.0
1154,24.0,6.7,17.0
1155,20.0,7.39,15.0
1156,32.0,10.85,15.0
1157,34.0,3.31,9.0
1158,59.0,28.8,12.0
1159,27.0,13.96,13.0
1160,26.0,10.0,14.0
1161,49.0,21.5,16.0
1162,54.0,12.81,12.0
1163,39.0,19.2,13.0
1164,27.0,17.76,15.0
1165,55.0,14.4,9.0
1166,38.0,40.0,14.0
1167,51.0,10.87,8.0
1168,17.0,6.7,12.0
1169,48.0,6.91,11.0
1170,43.0,15.72,16.0
1171,30.0,25.67,13.0
1172,40.0,29.33,18.0
1173,42.0,20.0,12.0
1174,29.0,22.98,14.0
1175,40.0,10.0,15.0
1176,36.0,11.0,12.0
1177,22.0,8.09,14.0
1178,27.0,8.5,17.0
1179,33.0,19.75,19.0
1180,40.0,27.27,14.0
1181,56.0,11.0,12.0
1182,38.0,12.6,13.0
1183,47.0,25.98,15.0
1184,30.0,4.03,13.0
1185,31.0,18.0,14.0
1186,29.0,16.95,18.0
1187,30.0,8.0,8.0
1188,18.0,3.19,13.0
1189,18.0,6.7,13.0
1190,30.0,15.87,15.0
1191,30.0,19.61,16.0
1192,55.0,11.67,10.0
1193,17.0,6.8,11.0
1194,24.0,13.5,12.0
1195,33.0,7.95,12.0
1196,19.0,6.7,13.0
1197,33.0,13.53,14.0
1198,18.0,8.16,13.0
1199,33.0,28.8,16.0
1200,38.0,26.4,11.0
1201,42.0,25.93,15.0
1202,64.0,13.44,12.0
1203,39.0,19.26,13.0
1204,19.0,6.75,11.0
1205,53.0,8.5,8.0
1206,43.0,9.0,8.0
1207,21.0,12.0,12.0
1208,30.0,11.25,11.0
1209,17.0,6.0,13.0
1210,62.0,8.89,10.0
1211,39.0,26.4,17.0
1212,48.0,11.96,10.0
1213,40.0,25.6,16.0
1214,56.0,23.04,15.0
1215,39.0,7.5,12.0
1216,48.0,22.2,12.0
1217,18.0,6.85,11.0
1218,37.0,7.75,13.0
1219,22.0,12.0,13.0
1220,32.0,6.85,13.0
1221,62.0,22.5,15.0
1222,43.0,30.24,19.0
1223,37.0,13.02,13.0
1224,33.0,26.48,15.0
1225,46.0,11.52,12.0
1226,42.0,17.76,12.0
1227,62.0,15.32,7.0
1228,24.0,6.49,18.0
1229,28.0,6.46,15.0
1230,26.0,11.0,12.0
1231,34.0,7.0,12.0
1232,40.0,16.8,15.0
1233,47.0,21.0,16.0
1234,29.0,13.0,12.0
1235,36.0,26.35,14.0
1236,45.0,13.38,12.0
1237,40.0,15.0,19.0
1238,42.0,14.8,15.0
1239,32.0,27.03,14.0
1240,31.0,14.09,13.0
1241,19.0,11.43,9.0
1242,17.0,4.03,10.0
1243,24.0,12.0,11.0
1244,52.0,9.6,9.0
1245,28.0,18.65,12.0
1246,40.0,32.16,18.0
1247,41.0,8.05,12.0
1248,34.0,8.0,10.0
1249,19.0,10.0,12.0
1250,35.0,7.45,14.0
1251,37.0,25.81,12.0
1252,44.0,29.98,17.0
1253,34.0,38.0,13.0
1254,40.0,12.6,12.0
1255,44.0,16.46,10.0
1256,50.0,20.64,18.0
1257,46.0,41.14,18.0
1258,21.0,10.21,14.0
1259,55.0,9.25,8.0
1260,42.0,17.81,14.0
1261,34.0,16.0,13.0
1262,36.0,17.28,15.0
1263,62.0,8.5,9.0
1264,48.0,11.35,12.0
1265,29.0,18.24,13.0
1266,33.0,24.84,15.0
1267,55.0,6.87,6.0
1268,27.0,18.07,15.0
1269,28.0,10.2,12.0
1270,39.0,14.28,12.0
1271,18.0,10.29,13.0
1272,39.0,15.57,12.0
1273,31.0,7.64,11.0
1274,54.0,24.69,13.0
1275,53.0,14.98,16.0
1276,46.0,8.0,11.0
1277,36.0,33.6,16.0
1278,23.0,8.74,12.0
1279,31.0,26.85,12.0
1280,64.0,42.93,20.0
1281,57.0,31.2,20.0
1282,29.0,25.34,16.0
1283,39.0,16.67,18.0
1284,51.0,19.2,16.0
1285,27.0,20.48,17.0
1286,63.0,9.17,9.0
1287,40.0,5.84,14.0
1288,32.0,7.0,11.0
1289,33.0,7.0,9.0
1290,41.0,10.34,13.0
1291,36.0,16.72,14.0
1292,41.0,9.6,11.0
1293,48.0,12.0,10.0
1294,27.0,15.6,14.0
1295,64.0,24.76,15.0
1296,35.0,20.88,19.0
1297,30.0,6.7,8.0
1298,59.0,44.28,15.0
1299,54.0,22.08,11.0
1300,25.0,18.52,14.0
1301,35.0,16.78,14.0
1302,48.0,17.0,12.0
1303,56.0,20.16,20.0
1304,41.0,28.53,16.0
1305,16.0,6.85,10.0
1306,64.0,15.84,13.0
1307,19.0,6.98,12.0
1308,42.0,21.25,12.0
1309,19.0,7.19,11.0
1310,34.0,15.93,9.0
1311,46.0,34.56,17.0
1312,39.0,13.44,12.0
1313,41.0,8.09,8.0
1314,49.0,24.14,10.0
1315,58.0,21.38,10.0
1316,43.0,13.19,10.0
1317,39.0,23.04,11.0
1318,50.0,19.2,12.0
1319,35.0,19.2,18.0
1320,51.0,14.83,10.0
1321,37.0,25.95,15.0
1322,31.0,18.57,13.0
1323,58.0,12.8,11.0
1324,30.0,18.43,20.0
1325,25.0,15.52,17.0
1326,40.0,21.6,10.0
1327,27.0,9.2,18.0
1328,25.0,8.7,19.0
1329,41.0,15.36,12.0
1330,23.0,10.0,16.0
1331,32.0,9.0,12.0
1332,29.0,7.97,10.0
1333,31.0,12.13,12.0
1334,23.0,7.06,15.0
1335,40.0,26.62,17.0
1336,53.0,20.77,13.0
1337,30.0,20.16,12.0
1338,62.0,14.4,11.0
1339,18.0,6.72,10.0
1340,35.0,16.46,9.0
1341,25.0,10.0,15.0
1342,36.0,27.36,16.0
1343,61.0,15.84,13.0
1344,28.0,7.24,19.0
1345,22.0,10.0,12.0
1346,32.0,11.36,9.0
1347,21.0,7.5,12.0
1348,23.0,9.32,12.0
1349,51.0,34.56,19.0
1350,19.0,6.5,11.0
1351,24.0,6.75,15.0
1352,40.0,10.5,12.0
1353,38.0,13.44,9.0
1354,34.0,14.7,12.0
1355,32.0,17.01,13.0
1356,57.0,30.46,11.0
1357,31.0,17.0,12.0
1358,41.0,49.92,20.0
1359,53.0,14.0,10.0
1360,36.0,45.38,18.0
1361,28.0,16.96,19.0
1362,22.0,6.85,9.0
1363,52.0,10.71,10.0
1364,37.0,10.0,14.0
1365,30.0,10.0,10.0
1366,48.0,19.93,15.0
1367,50.0,27.84,18.0
1368,43.0,10.0,14.0
1369,44.0,21.84,17.0
1370,28.0,27.14,17.0
1371,35.0,5.8,14.0
1372,30.0,7.0,12.0
1373,39.0,15.36,12.0
1374,22.0,6.63,13.0
1375,56.0,15.3,11.0
1376,20.0,4.88,12.0
1377,18.0,6.7,11.0
1378,23.0,22.22,9.0
1379,30.0,8.0,12.0
1380,18.0,6.4,10.0
1381,38.0,21.53,10.0
1382,58.0,16.32,10.0
1383,30.0,14.4,14.0
1384,48.0,20.68,10.0
1385,23.0,14.0,12.0
1386,36.0,12.1,14.0
1387,32.0,15.51,11.0
1388,32.0,16.86,13.0
1389,33.0,23.04,15.0
1390,25.0,14.0,17.0
1391,51.0,13.07,11.0
1392,37.0,16.0,13.0
1393,35.0,6.79,12.0
1394,28.0,9.0,13.0
1395,38.0,9.0,10.0
1396,57.0,20.0,13.0
1397,22.0,16.0,13.0
1398,44.0,27.31,17.0
1399,57.0,29.18,16.0
1400,60.0,6.9,10.0
1401,23.0,14.63,14.0
1402,37.0,15.78,13.0
1403,37.0,24.96,16.0
1404,59.0,21.06,15.0
1405,34.0,5.97,11.0
1406,57.0,25.72,8.0
1407,28.0,18.41,16.0
1408,21.0,7.0,15.0
1409,38.0,15.79,19.0
1410,54.0,10.0,8.0
1411,18.0,9.19,12.0
1412,33.0,19.2,12.0
1413,49.0,26.72,16.0
1414,31.0,10.26,13.0
1415,29.0,14.81,15.0
1416,38.0,7.5,12.0
1417,31.0,8.5,19.0
1418,37.0,16.5,12.0
1419,25.0,12.49,11.0
1420,29.0,10.47,11.0
1421,39.0,12.0,13.0
1422,58.0,10.0,10.0
1423,48.0,25.26,15.0
1424,52.0,30.0,11.0
1425,34.0,12.0,12.0
1426,56.0,6.75,13.0
1427,18.0,8.99,10.0
1428,22.0,3.41,16.0
1429,37.0,9.25,11.0
1430,37.0,17.49,16.0
1431,39.0,20.11,14.0
1432,33.0,9.25,8.0
1433,32.0,16.16,17.0
1434,19.0,6.78,12.0
1435,48.0,10.0,10.0
1436,39.0,9.5,10.0
1437,54.0,24.19,17.0
1438,27.0,23.25,12.0
1439,32.0,24.96,17.0
1440,24.0,13.37,12.0
1441,32.0,20.34,13.0
1442,25.0,7.85,13.0
1443,35.0,17.41,13.0
1444,52.0,12.85,12.0
1445,27.0,12.0,17.0
1446,30.0,17.0,12.0
1447,43.0,13.0,12.0
1448,23.0,7.63,12.0
1449,34.0,10.87,12.0
1450,28.0,22.75,14.0
1451,55.0,16.0,11.0
1452,50.0,8.5,13.0
1453,56.0,19.2,17.0
1454,37.0,24.48,17.0
1455,24.0,7.94,13.0
1456,18.0,10.0,13.0
1457,34.0,14.59,14.0
1458,27.0,17.9,16.0
1459,26.0,9.0,17.0
1460,22.0,11.44,17.0
1461,36.0,37.88,19.0
1462,17.0,6.75,10.0
1463,22.0,9.5,12.0
1464,53.0,19.5,19.0
1465,33.0,11.64,11.0
1466,32.0,23.52,12.0
1467,45.0,9.6,12.0
1468,39.0,15.42,12.0
1469,37.0,20.64,18.0
1470,45.0,14.84,12.0
1471,26.0,12.53,12.0
1472,64.0,15.5,11.0
1473,31.0,10.45,13.0
1474,32.0,15.16,17.0
1475,37.0,8.57,15.0
1476,50.0,10.0,12.0
1477,44.0,13.71,17.0
1478,41.0,13.44,15.0
1479,44.0,9.5,12.0
1480,31.0,11.04,14.0
1481,30.0,7.75,16.0
1482,45.0,10.0,10.0
1483,31.0,8.74,12.0
1484,35.0,25.64,19.0
1485,27.0,10.48,14.0
1486,22.0,9.86,15.0
1487,31.0,20.28,20.0
1488,45.0,10.0,13.0
1489,25.0,11.71,16.0
1490,25.0,6.55,12.0
1491,31.0,15.0,12.0
1492,38.0,20.33,13.0
1493,47.0,26.65,17.0
1494,24.0,11.52,12.0
1495,34.0,7.5,12.0
1496,25.0,19.72,19.0
1497,40.0,12.05,10.0
1498,53.0,10.24,13.0
1499,49.0,11.6,12.0
1500,61.0,10.22,17.0
1501,54.0,19.23,20.0
1502,35.0,9.74,13.0
1503,19.0,11.51,12.0
1504,48.0,6.8,13.0
1505,40.0,22.27,17.0
1506,32.0,17.07,12.0
1507,52.0,17.0,9.0
1508,26.0,8.5,17.0
1509,47.0,12.0,12.0
1510,45.0,22.19,12.0
1511,16.0,6.7,10.0
1512,29.0,7.5,14.0
1513,33.0,17.0,13.0
1514,32.0,10.12,12.0
1515,37.0,14.5,13.0
1516,19.0,6.5,15.0
1517,54.0,40.96,17.0
1518,19.0,6.7,12.0
1519,57.0,11.0,10.0
1520,34.0,23.04,18.0
1521,21.0,7.69,13.0
1522,25.0,10.88,13.0
1523,20.0,6.7,14.0
1524,36.0,12.77,12.0
1525,18.0,7.0,12.0
1526,24.0,6.5,19.0
1527,29.0,13.41,18.0
1528,27.0,15.61,17.0
1529,58.0,14.26,10.0
1530,17.0,7.21,11.0
1531,31.0,14.11,10.0
1532,16.0,5.13,10.0
1533,59.0,10.0,14.0
1534,53.0,6.7,8.0
1535,46.0,48.29,15.0
1536,36.0,28.53,17.0
1537,32.0,17.0,13.0
1538,20.0,6.65,15.0
1539,30.0,18.11,13.0
1540,46.0,19.12,14.0
1541,40.0,13.58,12.0
1542,51.0,6.75,13.0
1543,39.0,13.73,11.0
1544,16.0,6.35,9.0
1545,48.0,16.24,20.0
1546,23.0,9.0,14.0
1547,51.0,19.8,16.0
1548,41.0,10.69,10.0
1549,31.0,13.68,12.0
1550,41.0,32.35,12.0
1551,28.0,8.0,14.0
1552,37.0,24.96,20.0
1553,46.0,23.04,14.0
1554,27.0,25.93,18.0
1555,57.0,19.2,13.0
1556,60.0,9.75,11.0
1557,45.0,8.79,4.0
1558,40.0,17.03,16.0
1559,42.0,32.52,18.0
1560,54.0,15.66,8.0
1561,43.0,14.43,12.0
1562,56.0,25.26,13.0
1563,52.0,28.16,19.0
1564,35.0,15.0,15.0
1565,45.0,14.13,12.0
1566,45.0,11.94,11.0
1567,29.0,25.5,20.0
1568,19.0,6.7,13.0
1569,40.0,25.0,14.0
1570,48.0,28.8,13.0
1571,64.0,31.15,15.0
1572,48.0,14.94,8.0
1573,21.0,9.85,14.0
1574,31.0,17.4,10.0
1575,29.0,27.22,17.0
1576,40.0,22.0,16.0
1577,31.0,15.44,13.0
1578,32.0,17.28,15.0
1579,55.0,23.04,12.0
1580,52.0,15.79,10.0
1581,21.0,10.71,14.0
1582,30.0,34.9,15.0
1583,51.0,14.08,14.0
1584,25.0,10.0,16.0
1585,50.0,24.96,17.0
1586,44.0,15.26,12.0
1587,22.0,10.75,15.0
1588,39.0,21.22,17.0
1589,27.0,9.97,15.0
1590,52.0,18.24,8.0
1591,47.0,8.75,13.0
1592,37.0,8.0,8.0
1593,37.0,14.0,13.0
1594,20.0,12.39,11.0
1595,48.0,17.5,4.0
1596,25.0,12.0,13.0
1597,26.0,15.2,16.0
1598,59.0,27.0,16.0
1599,25.0,8.0,11.0
1600,18.0,6.35,12.0
1601,61.0,12.5,13.0
1602,17.0,9.69,11.0
1603,36.0,23.59,15.0
1604,20.0,6.7,15.0
1605,53.0,6.25,12.0
1606,28.0,10.52,10.0
1607,31.0,31.6,14.0
1608,19.0,6.51,12.0
1609,26.0,9.83,16.0
1610,46.0,40.64,17.0
1611,37.0,14.0,10.0
1612,54.0,18.94,19.0
1613,23.0,7.8,15.0
1614,30.0,21.16,18.0
1615,30.0,8.0,13.0
1616,19.0,10.75,10.0
1617,24.0,14.93,17.0
1618,42.0,40.0,19.0
1619,52.0,20.35,12.0
1620,20.0,6.0,15.0
1621,36.0,13.61,12.0
1622,49.0,30.48,17.0
1623,44.0,17.76,18.0
1624,37.0,7.63,12.0
1625,26.0,12.03,15.0
1626,48.0,13.0,12.0
1627,24.0,13.79,13.0
1628,19.0,7.0,10.0
1629,23.0,12.29,12.0
1630,58.0,18.5,8.0
1631,48.0,29.44,17.0
1632,29.0,15.91,15.0
1633,23.0,7.22,16.0
1634,50.0,24.96,16.0
1635,60.0,14.84,13.0
1636,36.0,17.64,12.0
1637,43.0,6.51,16.0
1638,41.0,22.68,14.0
1639,43.0,28.04,10.0
1640,25.0,7.0,12.0
1641,42.0,21.12,19.0
1642,25.0,15.84,17.0
1643,25.0,17.81,13.0
1644,47.0,25.92,17.0
1645,30.0,7.61,14.0
1646,31.0,17.28,10.0
1647,36.0,10.17,12.0
1648,35.0,7.0,12.0
1649,52.0,31.2,17.0
1650,53.0,31.33,20.0
1651,28.0,22.53,12.0
1652,52.0,7.5,10.0
1653,41.0,14.26,10.0
1654,59.0,12.0,12.0
1655,44.0,19.2,17.0
1656,48.0,15.0,11.0
1657,57.0,22.23,8.0
1658,61.0,30.0,12.0
1659,58.0,8.42,12.0
1660,34.0,20.0,10.0
1661,48.0,19.66,10.0
1662,23.0,7.9,12.0
1663,50.0,37.76,15.0
1664,53.0,33.12,20.0
1665,47.0,24.0,9.0
1666,50.0,14.07,15.0
1667,35.0,11.52,15.0
1668,19.0,9.58,13.0
1669,28.0,10.45,14.0
1670,61.0,10.0,8.0
1671,53.0,19.0,14.0
1672,48.0,16.2,16.0
1673,35.0,17.47,14.0
1674,28.0,7.1,12.0
1675,44.0,15.52,16.0
1676,53.0,30.22,11.0
1677,19.0,8.62,13.0
1678,47.0,39.0,17.0
1679,40.0,24.98,13.0
1680,33.0,6.75,12.0
1681,33.0,7.5,12.0
1682,43.0,10.35,15.0
1683,25.0,5.86,11.0
1684,26.0,10.92,12.0
1685,36.0,10.96,13.0
1686,30.0,13.01,9.0
1687,42.0,24.0,12.0
1688,26.0,16.0,16.0
1689,63.0,13.71,12.0
1690,17.0,6.25,11.0
1691,43.0,25.14,16.0
1692,34.0,21.33,13.0
1693,29.0,18.64,17.0
1694,48.0,23.55,13.0
1695,19.0,6.7,14.0
1696,33.0,13.83,13.0
1697,45.0,15.0,10.0
1698,39.0,10.56,12.0
1699,58.0,13.23,15.0
1700,54.0,16.96,6.0
1701,59.0,7.0,13.0
1702,28.0,20.94,16.0
1703,43.0,7.2,15.0
1704,31.0,12.75,13.0
1705,65.0,7.34,11.0
1706,28.0,22.4,12.0
1707,31.0,17.38,13.0
1708,31.0,12.77,12.0
1709,34.0,14.38,12.0
1710,42.0,26.88,17.0
1711,34.0,9.0,14.0
1712,18.0,7.03,12.0
1713,51.0,28.64,20.0
1714,32.0,8.72,9.0
1715,56.0,17.99,12.0
1716,20.0,10.4,11.0
1717,44.0,6.75,10.0
1718,48.0,17.92,12.0
1719,22.0,6.7,16.0
1720,28.0,13.68,12.0
1721,36.0,12.29,9.0
1722,21.0,12.0,14.0
1723,38.0,27.69,11.0
1724,44.0,3.0,14.0
1725,18.0,6.0,12.0
1726,24.0,25.0,17.0
1727,42.0,11.0,9.0
1728,37.0,17.01,14.0
1729,19.0,6.0,11.0
1730,47.0,16.0,10.0
1731,36.0,11.51,13.0
1732,51.0,15.81,9.0
1733,34.0,27.92,19.0
1734,51.0,30.0,10.0
1735,54.0,14.21,10.0
1736,35.0,27.14,12.0
1737,56.0,30.32,12.0
1738,45.0,27.84,12.0
1739,34.0,11.94,14.0
1740,26.0,12.0,15.0
1741,55.0,28.9,17.0
1742,42.0,16.5,12.0
1743,40.0,18.16,10.0
1744,18.0,7.0,11.0
1745,23.0,14.0,14.0
1746,36.0,20.16,12.0
1747,52.0,16.8,10.0
1748,51.0,20.0,10.0
1749,36.0,12.0,15.0
1750,23.0,8.76,18.0
1751,57.0,8.2,13.0
1752,34.0,12.87,12.0
1753,40.0,4.89,12.0
1754,48.0,15.56,13.0
1755,29.0,17.41,16.0
1756,51.0,9.72,12.0
1757,20.0,6.25,12.0
1758,35.0,19.46,12.0
1759,56.0,7.0,11.0
1760,53.0,21.14,14.0
1761,65.0,23.77,9.0
1762,47.0,25.0,15.0
1763,19.0,7.0,14.0
1764,29.0,15.33,20.0
1765,28.0,19.95,16.0
1766,42.0,12.75,11.0
1767,42.0,25.15,16.0
1768,37.0,12.07,10.0
1769,19.0,9.13,15.0
1770,37.0,9.65,13.0
1771,34.0,12.0,12.0
1772,16.0,6.5,10.0
1773,61.0,12.0,13.0
1774,30.0,8.0,10.0
1775,21.0,9.83,11.0
1776,35.0,7.5,0.0
1777,58.0,14.37,1.0
1778,25.0,6.5,12.0
1779,40.0,19.68,10.0
1780,22.0,9.5,13.0
1781,23.0,6.67,16.0
1782,39.0,23.04,17.0
1783,37.0,16.8,14.0
1784,31.0,15.86,10.0
1785,54.0,28.8,8.0
1786,40.0,17.6,12.0
1787,27.0,10.19,12.0
1788,59.0,13.09,6.0
1789,41.0,20.64,11.0
1790,35.0,12.92,15.0
1791,50.0,21.6,17.0
1792,49.0,26.4,10.0
1793,22.0,6.75,15.0
1794,31.0,12.76,12.0
1795,32.0,8.5,15.0
1796,53.0,16.9,10.0
1797,30.0,9.12,13.0
1798,40.0,7.0,13.0
1799,30.0,11.5,11.0
1800,34.0,17.98,17.0
1801,33.0,26.4,14.0
1802,42.0,10.3,10.0
1803,38.0,16.79,12.0
1804,54.0,13.28,12.0
1805,28.0,11.0,15.0
1806,26.0,6.7,14.0
1807,54.0,9.6,8.0
1808,27.0,12.8,12.0
1809,36.0,23.47,13.0
1810,41.0,11.0,10.0
1811,24.0,9.91,20.0
1812,17.0,7.0,11.0
1813,61.0,8.62,16.0
1814,49.0,17.98,9.0
1815,32.0,18.0,12.0
1816,53.0,19.19,13.0
1817,44.0,25.6,12.0
1818,42.0,28.8,18.0
1819,52.0,24.81,12.0
1820,23.0,18.22,15.0
1821,45.0,38.4,19.0
1822,48.0,7.0,15.0
1823,28.0,17.26,12.0
1824,37.0,6.5,11.0
1825,20.0,9.5,11.0
1826,29.0,12.0,11.0
1827,30.0,11.91,13.0
1828,37.0,32.64,18.0
1829,46.0,25.44,16.0
1830,22.0,13.44,11.0
1831,16.0,13.75,9.0
1832,20.0,7.2,12.0
1833,36.0,26.88,20.0
1834,27.0,16.3,12.0
1835,40.0,7.06,13.0
1836,53.0,14.97,13.0
1837,52.0,20.5,16.0
1838,27.0,9.94,15.0
1839,28.0,7.2,14.0
1840,61.0,11.52,20.0
1841,38.0,16.32,11.0
1842,39.0,10.37,15.0
1843,49.0,14.35,14.0
1844,51.0,10.56,8.0
1845,38.0,15.53,14.0
1846,17.0,9.58,11.0
1847,54.0,12.95,4.0
1848,27.0,8.5,12.0
1849,18.0,6.7,13.0
1850,42.0,11.07,14.0
1851,31.0,10.45,8.0
1852,24.0,13.99,14.0
1853,46.0,13.17,11.0
1854,52.0,17.28,10.0
1855,44.0,10.93,14.0
1856,44.0,3.84,12.0
1857,54.0,8.9,12.0
1858,18.0,6.85,12.0
1859,27.0,14.45,12.0
1860,35.0,14.89,12.0
1861,33.0,15.87,15.0
1862,21.0,12.11,15.0
1863,37.0,26.85,16.0
1864,38.0,20.24,14.0
1865,21.0,11.75,12.0
1866,38.0,20.64,15.0
1867,39.0,11.2,16.0
1868,29.0,18.0,15.0
1869,29.0,15.36,19.0
1870,33.0,12.29,12.0
1871,37.0,7.2,8.0
1872,18.0,6.0,11.0
1873,33.0,13.04,12.0
1874,30.0,14.85,10.0
1875,36.0,8.39,11.0
1876,36.0,24.0,18.0
1877,44.0,10.36,14.0
1878,46.0,18.21,10.0
1879,22.0,15.36,12.0
1880,33.0,17.62,12.0
1881,55.0,15.39,15.0
1882,28.0,17.92,17.0
1883,50.0,7.0,12.0
1884,31.0,15.0,13.0
1885,31.0,8.98,14.0
1886,21.0,6.85,14.0
1887,47.0,15.92,12.0
1888,41.0,23.04,17.0
1889,16.0,7.0,11.0
1890,26.0,10.0,19.0
1891,40.0,15.71,12.0
1892,22.0,8.98,13.0
1893,18.0,7.07,10.0
1894,23.0,12.0,17.0
1895,36.0,10.0,10.0
1896,45.0,30.72,17.0
1897,21.0,11.19,11.0
1898,25.0,14.4,13.0
1899,33.0,18.24,13.0
1900,25.0,10.95,10.0
1901,26.0,16.05,10.0
1902,61.0,14.86,8.0
1903,37.0,30.72,14.0
1904,41.0,18.24,13.0
1905,19.0,7.0,12.0
1906,30.0,13.3,13.0
1907,63.0,30.0,12.0
1908,36.0,9.0,12.0
1909,20.0,19.76,15.0
1910,41.0,14.39,12.0
1911,60.0,6.0,9.0
1912,48.0,18.72,17.0
1913,30.0,17.0,12.0
1914,24.0,17.91,12.0
1915,30.0,19.92,13.0
1916,34.0,15.36,13.0
1917,31.0,7.91,12.0
1918,28.0,7.92,16.0
1919,40.0,15.36,14.0
1920,53.0,8.12,0.0
1921,48.0,24.0,14.0
1922,43.0,15.17,20.0
1923,25.0,13.59,14.0
1924,50.0,9.9,13.0
1925,24.0,9.81,12.0
1926,38.0,21.82,12.0
1927,31.0,24.96,17.0
1928,46.0,6.77,10.0
1929,53.0,18.92,13.0
1930,40.0,27.66,14.0
1931,25.0,10.46,15.0
1932,37.0,17.91,14.0
1933,51.0,21.6,17.0
1934,40.0,6.75,12.0
1935,31.0,13.6,11.0
1936,22.0,6.0,15.0
1937,49.0,36.0,11.0
1938,36.0,17.41,13.0
1939,31.0,11.17,15.0
1940,18.0,7.3,11.0
1941,34.0,12.78,15.0
1942,32.0,7.0,12.0
1943,36.0,28.56,20.0
1944,59.0,9.5,12.0
1945,20.0,6.9,12.0
1946,17.0,12.84,11.0
1947,50.0,16.8,11.0
1948,47.0,10.2,10.0
1949,41.0,16.58,12.0
1950,60.0,12.55,8.0
1951,21.0,4.98,15.0
1952,27.0,14.97,16.0
1953,31.0,3.43,12.0
1954,16.0,4.2,2.0
1955,36.0,18.57,12.0
1956,35.0,21.6,10.0
1957,33.0,17.4,15.0
1958,29.0,21.84,20.0
1959,38.0,18.03,15.0
1960,36.0,12.46,12.0
1961,36.0,16.1,12.0
1962,39.0,21.18,17.0
1963,39.0,38.4,12.0
1964,26.0,12.22,11.0
1965,28.0,9.72,15.0
1966,34.0,21.57,11.0
1967,36.0,14.81,14.0
1968,18.0,6.81,13.0
1969,43.0,17.67,12.0
1970,38.0,32.6,20.0
1971,46.0,12.8,11.0
1972,18.0,8.26,11.0
1973,32.0,16.46,12.0
1974,26.0,28.54,17.0
1975,25.0,7.0,18.0
1976,47.0,29.54,11.0
1977,25.0,12.07,17.0
1978,43.0,15.67,12.0
1979,22.0,8.0,11.0
1980,45.0,7.25,9.0
1981,30.0,11.93,12.0
1982,17.0,6.45,12.0
1983,40.0,32.47,17.0
1984,59.0,8.0,15.0
1985,57.0,7.0,12.0
1986,40.0,32.16,17.0
1987,37.0,19.4,17.0
1988,32.0,8.9,9.0
1989,20.0,7.0,14.0
1990,27.0,9.5,13.0
1991,24.0,10.14,17.0
1992,34.0,8.5,12.0
1993,51.0,7.5,6.0
1994,23.0,8.37,17.0
1995,42.0,15.06,11.0
1996,33.0,5.58,10.0
1997,54.0,14.6,11.0
1998,64.0,10.0,11.0
1999,21.0,7.11,14.0
2000,41.0,12.8,13.0
2001,48.0,6.99,13.0
2002,36.0,13.04,18.0
2003,18.0,8.57,13.0
2004,57.0,18.21,16.0
2005,39.0,14.33,11.0
2006,22.0,6.47,15.0
2007,24.0,11.5,13.0
2008,32.0,17.35,11.0
2009,55.0,14.85,8.0
2010,32.0,22.56,17.0
2011,19.0,6.84,14.0
2012,58.0,9.43,14.0
2013,38.0,14.44,17.0
2014,25.0,15.33,13.0
2015,34.0,12.64,10.0
2016,45.0,12.8,20.0
2017,39.0,12.48,11.0
2018,20.0,10.81,14.0
2019,42.0,30.72,15.0
2020,16.0,17.5,11.0
2021,49.0,10.0,12.0
2022,35.0,21.39,20.0
2023,25.0,20.4,20.0
2024,26.0,15.5,14.0
2025,42.0,19.68,16.0
2026,32.0,12.1,10.0
2027,39.0,15.0,13.0
2028,24.0,8.0,12.0
2029,31.0,10.46,17.0
2030,48.0,26.18,20.0
2031,32.0,11.76,17.0
2032,62.0,18.99,13.0
2033,38.0,8.0,15.0
2034,18.0,7.0,12.0
2035,39.0,23.33,12.0
2036,45.0,12.0,14.0
2037,37.0,24.44,13.0
2038,53.0,28.8,14.0
2039,17.0,7.0,3.0
2040,25.0,8.0,6.0
2041,51.0,23.87,12.0
2042,48.0,12.8,12.0
2043,25.0,20.16,20.0
2044,39.0,13.31,12.0
2045,54.0,8.55,8.0
2046,48.0,26.4,12.0
2047,58.0,18.24,8.0
2048,17.0,6.25,11.0
2049,43.0,31.0,16.0
2050,25.0,9.0,16.0
2051,49.0,17.4,13.0
2052,25.0,9.6,10.0
2053,55.0,6.76,11.0
2054,38.0,32.64,15.0
2055,35.0,24.32,20.0
2056,39.0,38.4,10.0
2057,49.0,40.32,18.0
2058,23.0,7.5,14.0
2059,31.0,4.95,14.0
2060,32.0,19.76,14.0
2061,28.0,8.0,10.0
2062,42.0,6.85,10.0
2063,34.0,18.25,20.0
2064,36.0,38.4,17.0
2065,30.0,32.64,17.0
2066,45.0,19.2,16.0
2067,39.0,15.73,18.0
2068,46.0,9.01,13.0
2069,41.0,17.0,10.0
2070,50.0,12.59,10.0
2071,53.0,24.48,18.0
2072,37.0,8.0,13.0
2073,51.0,28.8,14.0
2074,26.0,23.91,12.0
2075,42.0,21.6,10.0
2076,41.0,17.16,15.0
2077,30.0,11.25,16.0
2078,45.0,6.75,15.0
2079,30.0,13.67,12.0
2080,33.0,19.08,16.0
2081,43.0,16.9,12.0
2082,33.0,20.21,15.0
2083,55.0,9.95,12.0
2084,25.0,7.0,17.0
2085,40.0,27.56,14.0
2086,32.0,15.84,14.0
2087,38.0,20.68,12.0
2088,23.0,19.7,12.0
2089,35.0,10.09,12.0
2090,24.0,8.63,17.0
2091,40.0,17.52,12.0
2092,28.0,17.22,15.0
2093,30.0,13.5,10.0
2094,53.0,14.15,11.0
2095,41.0,18.0,15.0
2096,55.0,25.95,11.0
2097,26.0,13.0,12.0
2098,38.0,24.0,17.0
2099,16.0,6.0,11.0
2100,31.0,32.4,16.0
2101,33.0,17.0,11.0
2102,50.0,18.46,12.0
2103,31.0,10.63,12.0
2104,51.0,18.24,8.0
2105,18.0,7.79,13.0
2106,48.0,35.96,20.0
2107,51.0,16.67,8.0
2108,32.0,16.26,14.0
2109,29.0,10.0,14.0
2110,29.0,11.06,10.0
2111,53.0,15.0,6.0
2112,23.0,7.88,14.0
2113,55.0,49.44,20.0
2114,31.0,7.0,16.0
2115,61.0,17.28,12.0
2116,33.0,27.44,16.0
2117,29.0,10.28,13.0
2118,38.0,11.0,11.0
2119,57.0,9.12,12.0
2120,22.0,14.93,15.0
2121,18.0,4.72,11.0
2122,35.0,12.5,10.0
2123,57.0,10.26,10.0
2124,41.0,17.6,13.0
2125,26.0,16.0,10.0
2126,49.0,35.84,20.0
2127,59.0,8.51,10.0
2128,57.0,19.2,11.0
2129,49.0,16.0,14.0
2130,31.0,15.75,15.0
2131,43.0,37.6,16.0
2132,46.0,22.0,12.0
2133,51.0,10.24,12.0
2134,42.0,8.32,13.0
2135,35.0,26.58,13.0
2136,20.0,12.84,9.0
2137,39.0,10.61,12.0
2138,45.0,15.66,17.0
2139,47.0,18.0,11.0
2140,53.0,18.56,18.0
2141,64.0,12.8,11.0
2142,24.0,13.44,12.0
2143,32.0,6.95,12.0
2144,24.0,7.18,13.0
2145,40.0,30.24,19.0
2146,42.0,18.0,20.0
2147,23.0,3.24,14.0
2148,33.0,13.71,11.0
2149,19.0,7.84,12.0
2150,33.0,21.6,11.0
2151,35.0,8.78,12.0
2152,31.0,18.24,12.0
2153,34.0,31.99,16.0
2154,60.0,9.0,9.0
2155,45.0,23.81,17.0
2156,24.0,12.19,12.0
2157,37.0,26.4,12.0
2158,46.0,10.97,12.0
2159,33.0,17.5,12.0
2160,47.0,31.04,14.0
2161,19.0,6.7,14.0
2162,40.0,10.78,12.0
2163,34.0,7.68,12.0
2164,32.0,15.22,13.0
2165,46.0,44.95,17.0
2166,18.0,8.74,14.0
2167,18.0,6.51,12.0
2168,38.0,13.5,10.0
2169,37.0,20.0,14.0
2170,26.0,8.6,18.0
2171,32.0,22.77,18.0
2172,45.0,31.49,16.0
2173,36.0,20.0,14.0
2174,43.0,18.64,10.0
2175,51.0,15.0,12.0
2176,63.0,21.6,7.0
2177,39.0,23.04,14.0
2178,47.0,26.88,19.0
2179,35.0,8.64,12.0
2180,49.0,32.31,8.0
2181,35.0,18.0,14.0
2182,50.0,24.04,11.0
2183,28.0,6.9,16.0
2184,36.0,19.2,13.0
2185,22.0,6.35,15.0
2186,29.0,20.67,19.0
2187,58.0,23.62,18.0
2188,25.0,14.4,17.0
2189,20.0,6.35,12.0
2190,28.0,36.27,13.0
2191,26.0,7.0,13.0
2192,40.0,18.1,13.0
2193,45.0,17.5,10.0
2194,47.0,11.94,8.0
2195,20.0,7.0,12.0
2196,30.0,3.23,12.0
2197,26.0,19.98,17.0
2198,38.0,16.0,15.0
2199,45.0,23.93,16.0
2200,21.0,8.89,16.0
2201,25.0,12.35,13.0
2202,48.0,17.48,10.0
2203,46.0,16.83,16.0
2204,24.0,13.55,17.0
2205,33.0,6.21,13.0
2206,42.0,11.1,12.0
2207,46.0,9.9,14.0
2208,40.0,12.96,12.0
2209,20.0,7.3,13.0
2210,31.0,13.31,13.0
2211,45.0,12.62,12.0
2212,47.0,35.84,20.0
2213,27.0,17.0,12.0
2214,51.0,20.0,16.0
2215,17.0,7.64,11.0
2216,54.0,12.17,15.0
2217,29.0,17.63,14.0
2218,42.0,26.11,16.0
2219,31.0,14.5,16.0
2220,20.0,7.55,11.0
2221,24.0,8.0,16.0
2222,21.0,5.8,16.0
2223,28.0,10.79,12.0
2224,55.0,13.1,9.0
2225,38.0,20.4,11.0
2226,28.0,20.87,18.0
2227,38.0,16.0,13.0
2228,26.0,15.53,18.0
2229,53.0,41.85,20.0
2230,32.0,9.59,16.0
2231,24.0,11.5,10.0
2232,50.0,13.5,10.0
2233,18.0,6.7,12.0
2234,46.0,11.86,9.0
2235,52.0,32.64,14.0
2236,53.0,16.48,13.0
2237,30.0,9.85,12.0
2238,62.0,36.57,20.0
2239,33.0,8.57,12.0
2240,53.0,10.0,14.0
2241,44.0,34.25,17.0
2242,59.0,25.6,20.0
2243,44.0,22.56,17.0
2244,36.0,19.04,13.0
2245,45.0,21.53,12.0
2246,33.0,7.4,20.0
2247,39.0,19.2,12.0
2248,29.0,13.45,14.0
2249,36.0,9.92,14.0
2250,41.0,7.61,11.0
2251,43.0,13.62,12.0
2252,52.0,9.64,12.0
2253,51.0,11.95,10.0
2254,57.0,12.73,8.0
2255,26.0,10.95,12.0
2256,42.0,20.0,9.0
2257,38.0,19.2,9.0
2258,50.0,23.04,10.0
2259,32.0,16.8,11.0
2260,45.0,18.92,14.0
2261,30.0,20.92,14.0
2262,31.0,20.58,19.0
2263,30.0,12.57,15.0
2264,24.0,7.0,16.0
2265,53.0,15.87,12.0
2266,26.0,11.21,17.0
2267,47.0,19.18,11.0
2268,46.0,29.28,16.0
2269,42.0,6.5,12.0
2270,38.0,14.4,14.0
2271,19.0,6.7,12.0
2272,26.0,7.77,12.0
2273,50.0,23.31,16.0
2274,16.0,6.7,10.0
2275,33.0,9.33,12.0
2276,54.0,7.46,9.0
2277,54.0,16.46,16.0
2278,29.0,8.54,12.0
2279,47.0,32.0,11.0
2280,50.0,18.0,12.0
2281,43.0,15.0,12.0
2282,39.0,14.77,14.0
2283,17.0,7.04,11.0
2284,52.0,14.0,8.0
2285,34.0,25.77,12.0
2286,31.0,21.88,12.0
2287,32.0,11.6,12.0
2288,36.0,20.09,12.0
2289,32.0,25.2,19.0
2290,32.0,20.83,15.0
2291,42.0,22.5,20.0
2292,34.0,20.64,18.0
2293,38.0,7.25,17.0
2294,43.0,20.0,12.0
2295,28.0,23.44,14.0
2296,54.0,17.92,17.0
2297,34.0,12.61,12.0
2298,56.0,18.75,12.0
2299,49.0,10.45,2.0
2300,52.0,6.69,13.0
2301,20.0,38.44,14.0
2302,57.0,15.91,15.0
2303,18.0,4.8,13.0
2304,20.0,7.2,13.0
2305,17.0,9.44,11.0
2306,32.0,36.7,16.0
2307,28.0,14.85,13.0
2308,29.0,13.01,11.0
2309,47.0,28.32,20.0
2310,29.0,22.59,15.0
2311,46.0,13.4,12.0
2312,44.0,19.2,17.0
2313,39.0,14.85,12.0
2314,23.0,7.75,17.0
2315,48.0,32.16,13.0
2316,30.0,8.0,13.0
2317,25.0,10.0,9.0
2318,34.0,11.9,15.0
2319,41.0,33.6,13.0
2320,21.0,9.0,16.0
2321,34.0,4.84,10.0
2322,32.0,24.0,13.0
2323,47.0,16.66,15.0
2324,36.0,40.35,11.0
2325,30.0,29.14,15.0
2326,19.0,7.99,12.0
2327,23.0,7.0,12.0
2328,42.0,17.9,9.0
2329,50.0,13.81,8.0
2330,20.0,8.01,9.0
2331,48.0,8.0,13.0
2332,42.0,20.57,12.0
2333,52.0,7.0,12.0
2334,26.0,14.97,15.0
2335,25.0,6.3,17.0
2336,21.0,7.0,12.0
2337,45.0,10.0,20.0
2338,48.0,18.0,12.0
2339,53.0,18.91,14.0
2340,22.0,9.5,12.0
2341,22.0,7.0,15.0
2342,43.0,10.08,12.0
2343,31.0,10.0,14.0
2344,25.0,7.3,14.0
2345,30.0,17.44,12.0
2346,25.0,10.36,16.0
2347,30.0,18.53,14.0
2348,42.0,7.45,10.0
2349,39.0,13.71,12.0
2350,26.0,14.51,14.0
2351,51.0,20.16,16.0
2352,20.0,6.67,13.0
2353,37.0,12.1,15.0
2354,38.0,6.97,13.0
2355,31.0,18.92,14.0
2356,50.0,26.36,17.0
2357,21.0,5.8,15.0
2358,30.0,9.6,14.0
2359,25.0,15.7,15.0
2360,53.0,19.6,11.0
2361,34.0,20.26,13.0
2362,38.0,36.67,12.0
2363,35.0,22.18,19.0
2364,25.0,9.5,17.0
2365,46.0,15.36,20.0
2366,27.0,6.97,15.0
2367,36.0,10.16,12.0
2368,33.0,10.16,12.0
2369,34.0,7.5,12.0
2370,30.0,7.0,12.0
2371,46.0,24.48,12.0
2372,46.0,9.63,10.0
2373,47.0,6.72,14.0
2374,36.0,18.68,14.0
2375,26.0,13.5,13.0
2376,22.0,9.37,15.0
2377,28.0,7.37,18.0
2378,28.0,11.58,14.0
2379,24.0,7.5,10.0
2380,36.0,10.0,15.0
2381,61.0,19.93,11.0
2382,30.0,12.12,11.0
2383,54.0,11.52,12.0
2384,18.0,6.25,12.0
2385,42.0,16.32,13.0
2386,56.0,20.0,15.0
2387,18.0,4.26,12.0
2388,22.0,8.26,12.0
2389,21.0,7.62,12.0
2390,35.0,9.0,12.0
2391,29.0,14.63,13.0
2392,30.0,34.56,17.0
2393,24.0,10.63,14.0
2394,49.0,9.69,8.0
2395,25.0,8.0,14.0
2396,19.0,7.0,12.0
2397,48.0,21.45,15.0
2398,49.0,20.0,13.0
2399,41.0,12.14,12.0
2400,48.0,33.28,18.0
2401,32.0,16.0,12.0
2402,46.0,12.0,9.0
2403,46.0,14.83,15.0
2404,51.0,20.01,13.0
2405,29.0,20.0,20.0
2406,34.0,13.31,13.0
2407,58.0,13.0,10.0
2408,49.0,13.09,16.0
2409,26.0,12.36,14.0
2410,46.0,9.38,14.0
2411,49.0,18.61,12.0
2412,44.0,22.5,6.0
2413,20.0,23.42,13.0
2414,39.0,19.2,16.0
2415,27.0,16.2,9.0
2416,45.0,7.5,10.0
2417,39.0,21.42,12.0
2418,23.0,7.2,13.0
2419,43.0,20.8,12.0
2420,43.0,23.04,15.0
2421,31.0,17.5,12.0
2422,45.0,18.64,14.0
2423,24.0,19.58,16.0
2424,43.0,14.87,15.0
2425,51.0,17.07,12.0
2426,43.0,10.23,12.0
2427,30.0,30.72,12.0
2428,18.0,6.86,12.0
2429,26.0,16.14,12.0
2430,44.0,23.07,17.0
2431,43.0,14.0,15.0
2432,38.0,28.06,13.0
2433,25.0,14.15,12.0
2434,35.0,42.5,11.0
2435,19.0,6.31,14.0
2436,37.0,16.8,14.0
2437,29.0,6.82,16.0
2438,56.0,25.44,14.0
2439,39.0,26.11,17.0
2440,22.0,5.27,17.0
2441,32.0,23.16,14.0
2442,26.0,14.0,10.0
2443,46.0,18.0,16.0
2444,28.0,18.0,18.0
2445,51.0,9.04,14.0
2446,19.0,5.77,14.0
2447,64.0,23.0,17.0
2448,30.0,26.4,19.0
2449,33.0,9.5,12.0
2450,56.0,30.69,14.0
2451,30.0,22.33,11.0
2452,31.0,18.46,12.0
2453,37.0,25.8,10.0
2454,36.0,19.62,12.0
2455,23.0,6.75,12.0
2456,22.0,8.49,12.0
2457,43.0,10.36,12.0
2458,44.0,9.3,13.0
2459,33.0,15.0,13.0
2460,60.0,15.36,10.0
2461,39.0,11.0,11.0
2462,40.0,13.51,15.0
2463,20.0,7.02,14.0
2464,24.0,12.5,15.0
2465,42.0,10.72,10.0
2466,16.0,6.25,10.0
2467,35.0,9.0,12.0
2468,54.0,30.82,16.0
2469,29.0,18.96,17.0
2470,39.0,14.4,12.0
2471,36.0,26.99,10.0
2472,53.0,15.0,4.0
2473,45.0,22.08,20.0
2474,19.0,9.0,12.0
2475,55.0,12.8,17.0
2476,36.0,13.44,14.0
2477,59.0,10.45,14.0
2478,32.0,10.75,12.0
2479,32.0,14.13,13.0
2480,32.0,14.75,12.0
2481,38.0,6.7,8.0
2482,36.0,14.85,15.0
2483,33.0,24.9,16.0
2484,33.0,12.85,12.0
2485,25.0,15.0,13.0
2486,28.0,8.0,14.0
2487,54.0,19.0,9.0
2488,35.0,16.0,12.0
2489,20.0,7.0,13.0
2490,30.0,24.0,18.0
2491,48.0,12.47,13.0
2492,23.0,6.94,17.0
2493,57.0,8.5,13.0
2494,42.0,22.53,16.0
2495,32.0,25.6,13.0
2496,60.0,9.54,14.0
2497,26.0,4.53,14.0
2498,33.0,14.4,16.0
2499,57.0,31.2,14.0
2500,33.0,15.05,15.0
2501,25.0,15.36,18.0
2502,43.0,16.0,13.0
2503,21.0,3.9,14.0
2504,42.0,8.17,12.0
2505,35.0,25.7,16.0
2506,17.0,9.33,11.0
2507,24.0,17.3,12.0
2508,28.0,3.84,14.0
2509,25.0,13.79,14.0
2510,52.0,12.0,9.0
2511,46.0,10.32,8.0
2512,16.0,6.9,10.0
2513,22.0,13.4,17.0
2514,23.0,12.0,12.0
2515,53.0,21.5,14.0
2516,21.0,5.64,12.0
2517,54.0,7.0,14.0
2518,45.0,9.5,12.0
2519,40.0,24.0,12.0
2520,20.0,6.87,13.0
2521,59.0,28.76,13.0
2522,21.0,7.5,12.0
2523,20.0,9.9,12.0
2524,44.0,6.68,10.0
2525,58.0,15.36,12.0
2526,47.0,25.0,13.0
2527,34.0,23.1,18.0
2528,42.0,19.2,20.0
2529,36.0,14.0,12.0
2530,50.0,18.64,12.0
2531,40.0,25.0,12.0
2532,35.0,16.25,9.0
2533,35.0,18.12,15.0
2534,31.0,25.34,16.0
2535,39.0,14.85,12.0
2536,63.0,14.63,18.0
2537,21.0,9.0,14.0
2538,20.0,6.5,15.0
2539,18.0,6.75,13.0
2540,32.0,11.17,14.0
2541,17.0,6.5,10.0
2542,41.0,42.88,20.0
2543,39.0,16.3,12.0
2544,35.0,18.2,12.0
2545,26.0,15.33,20.0
2546,38.0,21.88,12.0
2547,42.0,21.5,11.0
2548,44.0,17.01,12.0
2549,35.0,14.51,14.0
2550,35.0,22.4,12.0
2551,23.0,11.86,16.0
2552,25.0,7.5,12.0
2553,35.0,20.0,16.0
2554,28.0,10.08,11.0
2555,48.0,10.0,13.0
2556,45.0,18.02,14.0
2557,34.0,16.58,12.0
2558,17.0,7.18,11.0
2559,54.0,14.95,10.0
2560,30.0,19.18,18.0
2561,20.0,8.0,12.0
2562,32.0,17.72,12.0
2563,20.0,11.44,12.0
2564,50.0,7.0,13.0
2565,56.0,21.94,20.0
2566,28.0,8.14,8.0
2567,39.0,12.0,13.0
2568,25.0,23.5,16.0
2569,23.0,11.85,11.0
2570,45.0,24.4,18.0
2571,44.0,14.61,12.0
2572,27.0,8.65,12.0
2573,40.0,13.82,11.0
2574,41.0,10.96,10.0
2575,24.0,9.5,9.0
2576,45.0,16.53,12.0
2577,37.0,11.11,12.0
2578,49.0,24.93,16.0
2579,38.0,26.4,15.0
2580,35.0,32.91,14.0
2581,52.0,7.35,10.0
2582,29.0,11.5,11.0
2583,22.0,15.0,18.0
2584,52.0,22.65,8.0
2585,57.0,28.8,14.0
2586,40.0,6.89,16.0
2587,25.0,15.83,17.0
2588,58.0,24.54,8.0
2589,34.0,22.02,13.0
2590,61.0,22.02,12.0
2591,48.0,9.0,14.0
2592,35.0,9.85,12.0
2593,18.0,9.06,12.0
2594,28.0,13.33,12.0
2595,30.0,23.04,13.0
2596,20.0,9.49,13.0
2597,60.0,24.0,17.0
2598,52.0,35.66,17.0
2599,23.0,12.0,16.0
2600,56.0,16.8,8.0
2601,17.0,7.1,11.0
2602,22.0,6.05,15.0
2603,32.0,12.0,10.0
2604,42.0,38.4,15.0
2605,41.0,24.59,14.0
2606,37.0,24.44,13.0
2607,22.0,10.84,16.0
2608,23.0,12.5,11.0
2609,58.0,16.46,12.0
2610,44.0,18.24,14.0
2611,43.0,12.53,12.0
2612,60.0,7.67,8.0
2613,61.0,13.2,12.0
2614,63.0,10.24,10.0
2615,49.0,21.0,13.0
2616,29.0,8.7,10.0
2617,52.0,17.23,12.0
2618,20.0,7.75,13.0
2619,40.0,24.06,17.0
2620,18.0,7.62,12.0
2621,17.0,6.7,11.0
2622,41.0,30.17,15.0
2623,32.0,29.6,14.0
2624,17.0,3.82,11.0
2625,17.0,7.63,11.0
2626,41.0,42.61,16.0
2627,34.0,16.79,12.0
2628,16.0,6.2,10.0
2629,23.0,7.0,16.0
2630,47.0,17.4,10.0
2631,18.0,7.0,12.0
2632,31.0,8.5,12.0
2633,26.0,22.66,16.0
2634,35.0,10.0,10.0
2635,40.0,18.68,13.0
2636,43.0,23.04,13.0
2637,47.0,6.7,14.0
2638,23.0,9.61,10.0
2639,20.0,11.64,14.0
2640,33.0,26.0,18.0
2641,39.0,15.0,12.0
2642,56.0,29.95,20.0
2643,17.0,6.7,9.0
2644,26.0,6.8,15.0
2645,26.0,15.3,14.0
2646,44.0,8.0,11.0
2647,44.0,10.0,8.0
2648,20.0,6.42,14.0
2649,43.0,30.31,17.0
2650,43.0,12.0,10.0
2651,31.0,18.0,12.0
2652,33.0,13.0,12.0
2653,26.0,7.0,12.0
2654,18.0,6.65,11.0
2655,38.0,17.41,16.0
2656,35.0,10.16,15.0
2657,28.0,21.66,13.0
2658,39.0,9.85,16.0
2659,44.0,13.45,10.0
2660,28.0,14.53,12.0
2661,50.0,17.66,14.0
2662,38.0,26.4,15.0
2663,19.0,6.42,13.0
2664,42.0,24.96,12.0
2665,52.0,23.04,12.0
2666,56.0,13.92,12.0
2667,48.0,13.75,10.0
2668,46.0,12.15,13.0
2669,22.0,8.37,11.0
2670,40.0,21.6,15.0
2671,29.0,16.1,13.0
2672,51.0,35.09,4.0
2673,36.0,28.8,16.0
2674,37.0,38.4,17.0
2675,55.0,17.33,15.0
2676,21.0,7.7,16.0
2677,40.0,18.02,10.0
2678,41.0,32.03,15.0
2679,19.0,6.59,13.0
2680,32.0,11.2,16.0
2681,42.0,14.8,15.0
2682,62.0,14.0,11.0
2683,44.0,23.34,13.0
2684,51.0,8.87,14.0
2685,27.0,21.67,14.0
2686,50.0,14.27,12.0
2687,34.0,18.02,14.0
2688,55.0,5.92,10.0
2689,50.0,12.66,12.0
2690,43.0,7.25,0.0
2691,35.0,13.75,13.0
2692,46.0,10.78,11.0
2693,40.0,19.0,10.0
2694,51.0,12.0,13.0
2695,36.0,18.24,20.0
2696,20.0,10.0,9.0
2697,32.0,24.0,14.0
2698,23.0,9.79,14.0
2699,51.0,30.08,13.0
2700,55.0,23.97,12.0
2701,49.0,12.0,16.0
2702,33.0,15.75,17.0
2703,35.0,9.0,11.0
2704,32.0,14.4,10.0
2705,61.0,19.0,10.0
2706,27.0,18.02,17.0
2707,51.0,7.5,10.0
2708,29.0,11.86,12.0
2709,23.0,9.86,14.0
2710,56.0,18.39,9.0
2711,25.0,6.66,17.0
2712,36.0,26.78,17.0
2713,26.0,14.09,16.0
2714,35.0,24.7,14.0
2715,61.0,28.8,16.0
2716,16.0,6.85,10.0
2717,37.0,27.84,17.0
2718,28.0,15.12,15.0
2719,47.0,27.67,13.0
2720,27.0,16.78,12.0
2721,39.0,9.33,9.0
2722,40.0,10.0,10.0
2723,54.0,12.86,12.0
2724,57.0,14.0,12.0
2725,38.0,9.19,12.0
2726,38.0,20.16,12.0
2727,60.0,25.95,19.0
2728,20.0,7.5,13.0
2729,54.0,31.68,17.0
2730,26.0,15.0,16.0
2731,48.0,20.53,8.0
2732,36.0,17.4,12.0
2733,48.0,39.5,20.0
2734,43.0,17.99,11.0
2735,48.0,13.71,12.0
2736,27.0,12.8,10.0
2737,35.0,16.97,14.0
2738,38.0,21.78,16.0
2739,28.0,19.2,19.0
2740,27.0,29.24,17.0
2741,54.0,13.44,10.0
2742,39.0,21.39,16.0
2743,36.0,31.1,10.0
2744,50.0,40.8,16.0
2745,25.0,8.12,18.0
2746,22.0,5.98,14.0
2747,54.0,12.93,10.0
2748,25.0,19.26,8.0
2749,17.0,9.46,12.0
2750,19.0,5.5,13.0
2751,50.0,16.69,15.0
2752,44.0,24.17,9.0
2753,18.0,7.0,12.0
2754,51.0,21.93,17.0
2755,32.0,12.42,17.0
2756,36.0,12.0,10.0
2757,40.0,18.24,12.0
2758,20.0,6.7,14.0
2759,60.0,3.13,20.0
2760,39.0,22.47,12.0
2761,17.0,6.0,10.0
2762,19.0,12.0,11.0
2763,30.0,14.66,12.0
2764,26.0,11.17,11.0
2765,17.0,3.83,11.0
2766,60.0,11.0,3.0
2767,34.0,14.0,7.0
2768,58.0,10.3,10.0
2769,21.0,6.98,15.0
2770,48.0,10.34,9.0
2771,26.0,23.2,20.0
2772,35.0,5.83,12.0
2773,30.0,6.7,12.0
2774,38.0,13.06,12.0
2775,38.0,25.0,10.0
2776,38.0,24.94,16.0
2777,22.0,6.92,17.0
2778,61.0,24.36,5.0
2779,29.0,9.71,17.0
2780,27.0,10.0,9.0
2781,35.0,6.7,14.0
2782,46.0,10.51,12.0
2783,37.0,8.0,12.0
2784,53.0,25.92,20.0
2785,21.0,7.53,12.0
2786,33.0,9.0,7.0
2787,24.0,7.56,13.0
2788,47.0,7.0,8.0
2789,27.0,18.95,17.0
2790,42.0,16.38,13.0
2791,32.0,29.67,17.0
2792,35.0,22.5,18.0
2793,18.0,8.01,11.0
2794,28.0,9.16,13.0
2795,39.0,17.5,13.0
2796,27.0,7.0,18.0
2797,55.0,25.03,19.0
2798,46.0,10.81,12.0
2799,45.0,17.06,10.0
2800,44.0,17.59,14.0
2801,31.0,17.52,12.0
2802,23.0,10.5,7.0
2803,62.0,19.25,12.0
2804,53.0,8.6,9.0
2805,44.0,19.83,9.0
2806,54.0,10.0,8.0
2807,45.0,6.7,13.0
2808,27.0,6.78,12.0
2809,38.0,13.0,11.0
2810,31.0,14.5,13.0
2811,28.0,25.0,16.0
2812,36.0,22.0,18.0
2813,22.0,8.23,15.0
2814,42.0,8.79,12.0
2815,38.0,32.16,12.0
2816,36.0,23.26,20.0
2817,49.0,5.33,16.0
2818,50.0,23.76,14.0
2819,35.0,10.92,15.0
2820,25.0,23.76,13.0
2821,27.0,13.21,9.0
2822,47.0,15.1,10.0
2823,47.0,27.14,18.0
2824,44.0,23.16,17.0
2825,39.0,23.07,13.0
2826,37.0,10.08,13.0
2827,30.0,19.2,19.0
2828,57.0,13.49,8.0
2829,29.0,15.87,12.0
2830,35.0,7.87,2.0
2831,35.0,15.56,13.0
2832,42.0,8.0,10.0
2833,62.0,23.63,12.0
2834,59.0,41.28,20.0
2835,34.0,19.72,15.0
2836,32.0,8.5,12.0
2837,50.0,18.9,16.0
2838,52.0,11.0,11.0
2839,58.0,16.39,10.0
2840,41.0,14.04,12.0
2841,39.0,16.0,11.0
2842,37.0,10.11,15.0
2843,45.0,16.78,13.0
2844,36.0,11.95,12.0
2845,29.0,17.97,16.0
2846,26.0,17.21,16.0
2847,41.0,14.73,17.0
2848,65.0,10.62,8.0
2849,60.0,25.03,20.0
2850,51.0,30.24,15.0
2851,42.0,11.43,13.0
2852,50.0,10.0,9.0
2853,24.0,14.0,12.0
2854,35.0,21.73,16.0
2855,41.0,27.36,19.0
2856,34.0,28.16,15.0
2857,45.0,18.0,9.0
2858,21.0,8.0,18.0
2859,51.0,16.0,13.0
2860,21.0,7.92,14.0
2861,32.0,15.33,12.0
2862,26.0,10.0,11.0
2863,23.0,10.63,17.0
2864,27.0,13.1,19.0
2865,32.0,7.65,11.0
2866,26.0,10.2,11.0
2867,29.0,12.5,11.0
2868,20.0,6.87,12.0
2869,50.0,9.1,3.0
2870,47.0,9.89,9.0
2871,50.0,11.0,11.0
2872,38.0,15.36,12.0
2873,21.0,5.28,15.0
2874,32.0,19.2,15.0
2875,20.0,8.75,11.0
2876,21.0,11.03,14.0
2877,40.0,25.44,16.0
2878,25.0,7.5,18.0
2879,40.0,15.81,10.0
2880,62.0,12.11,8.0
2881,25.0,9.1,15.0
2882,22.0,6.7,12.0
2883,23.0,15.0,15.0
2884,51.0,9.33,10.0
2885,29.0,8.73,12.0
2886,61.0,6.31,11.0
2887,37.0,16.58,15.0
2888,57.0,11.0,8.0
2889,22.0,6.7,17.0
2890,28.0,19.69,18.0
2891,22.0,8.0,15.0
2892,30.0,9.94,12.0
2893,33.0,10.0,14.0
2894,42.0,13.24,10.0
2895,44.0,31.2,17.0
2896,54.0,11.09,10.0
2897,37.0,10.85,12.0
2898,45.0,23.53,16.0
2899,31.0,10.28,12.0
2900,56.0,15.87,10.0
2901,42.0,20.48,13.0
2902,30.0,9.72,15.0
2903,36.0,14.0,12.0
2904,23.0,8.0,15.0
2905,39.0,21.34,15.0
2906,38.0,27.84,12.0
2907,51.0,30.72,20.0
2908,55.0,22.19,12.0
2909,32.0,11.0,12.0
2910,17.0,6.75,11.0
2911,31.0,13.0,11.0
2912,16.0,6.12,9.0
2913,25.0,18.0,15.0
2914,36.0,17.62,10.0
2915,37.0,17.44,8.0
2916,61.0,35.11,14.0
2917,48.0,40.32,16.0
2918,39.0,14.5,10.0
2919,52.0,14.13,13.0
2920,31.0,7.52,15.0
2921,35.0,7.1,13.0
2922,33.0,13.41,13.0
2923,20.0,6.75,13.0
2924,31.0,6.33,14.0
2925,33.0,19.05,17.0
2926,29.0,15.02,17.0
2927,23.0,8.34,13.0
2928,38.0,18.92,11.0
2929,49.0,20.95,11.0
2930,38.0,27.98,17.0
2931,23.0,9.38,14.0
2932,57.0,36.25,8.0
2933,18.0,6.55,12.0
2934,57.0,10.93,12.0
2935,29.0,13.0,19.0
2936,44.0,28.35,12.0
2937,27.0,10.08,13.0
2938,48.0,21.33,10.0
2939,34.0,17.0,13.0
2940,31.0,21.01,20.0
2941,35.0,22.86,10.0
2942,39.0,16.8,12.0
2943,35.0,12.5,17.0
2944,38.0,17.6,17.0
2945,55.0,15.45,16.0
2946,20.0,9.18,13.0
2947,26.0,11.11,12.0
2948,47.0,12.0,12.0
2949,30.0,18.78,16.0
2950,26.0,10.38,20.0
2951,44.0,13.0,14.0
2952,41.0,16.7,16.0
2953,34.0,40.43,9.0
2954,26.0,9.04,8.0
2955,22.0,8.33,19.0
2956,19.0,6.79,14.0
2957,23.0,6.7,10.0
2958,20.0,7.18,11.0
2959,38.0,16.0,12.0
2960,58.0,24.7,14.0
2961,45.0,10.4,10.0
2962,47.0,18.0,10.0
2963,39.0,33.28,15.0
2964,17.0,6.7,11.0
2965,58.0,25.53,8.0
2966,29.0,23.52,17.0
2967,57.0,21.6,12.0
2968,44.0,17.76,14.0
2969,27.0,7.75,14.0
2970,56.0,17.76,13.0
2971,34.0,13.09,16.0
2972,51.0,20.16,1.0
2973,38.0,10.0,17.0
2974,38.0,6.7,16.0
2975,39.0,16.0,14.0
2976,47.0,14.4,15.0
2977,30.0,26.77,16.0
2978,57.0,20.95,9.0
2979,57.0,6.5,11.0
2980,30.0,22.47,14.0
2981,35.0,17.72,13.0
2982,19.0,11.0,12.0
2983,33.0,8.0,14.0
2984,41.0,29.76,15.0
2985,42.0,18.93,12.0
2986,41.0,10.08,4.0
2987,45.0,18.33,8.0
2988,37.0,15.48,16.0
2989,41.0,28.8,16.0
2990,57.0,14.26,12.0
2991,62.0,9.37,11.0
2992,27.0,15.77,12.0
2993,47.0,12.0,10.0
2994,53.0,22.08,13.0
2995,16.0,5.0,10.0
2996,43.0,16.61,16.0
2997,40.0,25.02,10.0
2998,43.0,20.06,12.0
2999,47.0,15.45,10.0
3000,47.0,8.3,11.0
3001,35.0,18.37,14.0
3002,27.0,6.7,11.0
3003,20.0,13.53,16.0
3004,62.0,6.85,8.0
3005,60.0,10.25,9.0
3006,18.0,10.0,12.0
3007,48.0,12.0,14.0
3008,30.0,9.55,15.0
3009,20.0,6.25,14.0
3010,18.0,6.7,13.0
3011,53.0,24.77,16.0
3012,54.0,28.8,16.0
3013,40.0,14.98,12.0
3014,31.0,14.0,14.0
3015,55.0,11.77,14.0
3016,40.0,12.48,12.0
3017,25.0,15.0,17.0
3018,31.0,19.0,18.0
3019,46.0,7.5,15.0
3020,57.0,18.74,5.0
3021,34.0,27.0,14.0
3022,48.0,13.13,11.0
3023,22.0,12.0,12.0
3024,64.0,17.9,9.0
3025,60.0,11.5,5.0
3026,32.0,13.65,12.0
3027,52.0,14.4,11.0
3028,23.0,8.06,9.0
3029,35.0,10.25,12.0
3030,21.0,8.32,12.0
3031,39.0,6.41,15.0
3032,42.0,10.0,12.0
3033,41.0,17.42,12.0
3034,47.0,32.91,18.0
3035,20.0,6.7,13.0
3036,48.0,24.4,10.0
3037,42.0,17.76,15.0
3038,21.0,10.44,16.0
3039,32.0,15.42,15.0
3040,34.0,11.82,16.0
3041,32.0,18.43,12.0
3042,23.0,13.0,14.0
3043,34.0,20.5,18.0
3044,21.0,9.0,1.0
3045,59.0,6.72,12.0
3046,43.0,9.52,16.0
3047,17.0,3.0,12.0
3048,33.0,15.49,9.0
3049,32.0,7.0,13.0
3050,32.0,13.6,12.0
3051,34.0,8.71,11.0
3052,26.0,12.48,15.0
3053,57.0,9.86,9.0
3054,29.0,11.52,12.0
3055,27.0,11.67,14.0
3056,24.0,15.97,11.0
3057,42.0,22.02,15.0
3058,37.0,12.46,13.0
3059,49.0,13.95,12.0
3060,36.0,18.92,13.0
3061,38.0,14.21,18.0
3062,40.0,24.0,16.0
3063,27.0,13.7,18.0
3064,58.0,35.7,20.0
3065,19.0,7.27,12.0
3066,51.0,14.59,13.0
3067,54.0,17.0,11.0
3068,32.0,8.31,12.0
3069,33.0,18.41,15.0
3070,27.0,6.52,17.0
3071,57.0,12.65,10.0
3072,27.0,11.04,17.0
3073,25.0,9.33,12.0
3074,28.0,18.29,14.0
3075,22.0,6.7,0.0
3076,56.0,10.38,12.0
3077,22.0,7.84,14.0
3078,16.0,6.65,10.0
3079,58.0,47.52,20.0
3080,31.0,12.54,7.0
3081,28.0,8.26,12.0
3082,32.0,8.36,10.0
3083,42.0,23.04,16.0
3084,28.0,11.0,16.0
3085,42.0,12.9,14.0
3086,29.0,12.48,15.0
3087,22.0,9.79,15.0
3088,53.0,19.0,14.0
3089,33.0,10.0,12.0
3090,40.0,27.45,17.0
3091,34.0,20.84,17.0
3092,20.0,8.57,13.0
3093,62.0,27.5,8.0
3094,47.0,13.23,8.0
3095,33.0,26.48,13.0
3096,48.0,20.99,15.0
3097,29.0,7.3,8.0
3098,36.0,14.13,12.0
3099,47.0,9.44,11.0
3100,38.0,9.5,11.0
3101,34.0,10.56,13.0
3102,41.0,22.03,16.0
3103,40.0,13.0,14.0
3104,37.0,17.0,15.0
3105,54.0,15.0,12.0
3106,30.0,18.33,18.0
3107,17.0,4.25,12.0
3108,38.0,18.16,14.0
3109,23.0,7.24,12.0
3110,42.0,12.07,15.0
3111,44.0,26.02,15.0
3112,54.0,11.06,11.0
3113,34.0,16.0,12.0
3114,35.0,16.64,14.0
3115,20.0,21.84,12.0
3116,62.0,15.67,7.0
3117,23.0,7.66,17.0
3118,44.0,19.84,13.0
3119,30.0,14.98,12.0
3120,17.0,8.65,11.0
3121,31.0,7.0,12.0
3122,46.0,25.6,15.0
3123,46.0,21.94,15.0
3124,41.0,18.11,15.0
3125,29.0,6.25,12.0
3126,36.0,13.31,13.0
3127,44.0,19.2,14.0
3128,46.0,16.83,20.0
3129,16.0,7.0,11.0
3130,43.0,13.75,16.0
3131,50.0,21.8,10.0
3132,46.0,23.04,18.0
3133,23.0,14.97,15.0
3134,33.0,16.73,16.0
3135,30.0,10.0,10.0
3136,46.0,30.49,15.0
3137,17.0,7.0,10.0
3138,41.0,15.65,16.0
3139,33.0,10.14,13.0
3140,42.0,10.51,13.0
3141,48.0,27.39,17.0
3142,44.0,21.12,17.0
3143,24.0,22.34,16.0
3144,39.0,10.97,14.0
3145,27.0,20.16,12.0
3146,58.0,39.84,18.0
3147,45.0,12.67,12.0
3148,58.0,5.0,11.0
3149,45.0,11.0,11.0
3150,49.0,24.0,17.0
3151,31.0,22.4,16.0
3152,25.0,18.0,14.0
3153,46.0,14.35,6.0
3154,21.0,4.65,14.0
3155,28.0,14.0,14.0
3156,40.0,18.27,12.0
3157,49.0,16.8,13.0
3158,34.0,7.25,9.0
3159,55.0,15.84,13.0
3160,48.0,19.91,12.0
3161,27.0,10.97,13.0
3162,50.0,10.0,8.0
3163,19.0,6.35,14.0
3164,19.0,6.58,12.0
3165,55.0,22.25,10.0
3166,56.0,21.0,8.0
3167,54.0,14.4,11.0
3168,40.0,26.4,11.0
3169,36.0,24.0,17.0
3170,49.0,19.2,10.0
3171,59.0,12.5,11.0
3172,36.0,31.43,17.0
3173,19.0,6.74,13.0
3174,32.0,8.32,14.0
3175,29.0,8.86,12.0
3176,21.0,7.7,14.0
3177,43.0,24.44,13.0
3178,45.0,19.5,14.0
3179,31.0,9.61,17.0
3180,33.0,12.03,14.0
3181,41.0,30.27,17.0
3182,52.0,15.0,11.0
3183,21.0,7.49,15.0
3184,42.0,9.0,12.0
3185,18.0,6.7,12.0
3186,43.0,12.0,8.0
3187,42.0,9.16,6.0
3188,29.0,7.16,11.0
3189,30.0,17.08,12.0
3190,22.0,7.4,14.0
3191,33.0,16.79,10.0
3192,21.0,9.02,15.0
3193,34.0,17.18,11.0
3194,42.0,47.26,17.0
3195,47.0,13.97,11.0
3196,19.0,7.42,11.0
3197,49.0,12.5,10.0
3198,27.0,14.37,14.0
3199,27.0,10.51,13.0
3200,26.0,34.23,18.0
3201,57.0,16.25,14.0
3202,59.0,14.63,13.0
3203,35.0,12.51,14.0
3204,46.0,7.13,12.0
3205,37.0,17.88,12.0
3206,20.0,6.7,13.0
3207,35.0,13.95,10.0
3208,55.0,18.65,13.0
3209,45.0,14.94,11.0
3210,49.0,7.08,12.0
3211,39.0,16.96,12.0
3212,57.0,12.73,9.0
3213,64.0,8.5,8.0
3214,52.0,16.51,4.0
3215,39.0,7.0,9.0
3216,28.0,22.45,13.0
3217,35.0,13.0,12.0
3218,31.0,23.04,13.0
3219,16.0,7.0,10.0
3220,56.0,20.0,11.0
3221,42.0,29.62,17.0
3222,29.0,16.3,16.0
3223,44.0,16.59,16.0
3224,33.0,10.0,12.0
3225,60.0,21.06,13.0
3226,63.0,10.25,12.0
3227,34.0,9.38,10.0
3228,34.0,26.27,18.0
3229,25.0,12.37,13.0
3230,46.0,22.38,11.0
3231,20.0,7.88,13.0
3232,39.0,15.73,15.0
3233,19.0,7.08,13.0
3234,46.0,28.32,17.0
3235,36.0,30.72,20.0
3236,24.0,22.17,16.0
3237,20.0,6.9,14.0
3238,41.0,12.75,10.0
3239,30.0,12.21,11.0
3240,53.0,7.65,12.0
3241,25.0,8.32,18.0
3242,23.0,7.12,16.0
3243,45.0,12.5,15.0
3244,52.0,18.92,19.0
3245,23.0,10.0,18.0
3246,18.0,7.0,13.0
3247,21.0,11.5,11.0
3248,39.0,17.92,13.0
3249,37.0,15.36,12.0
3250,42.0,6.7,13.0
3251,32.0,14.21,12.0
3252,51.0,14.61,10.0
3253,59.0,15.0,3.0
3254,31.0,8.57,13.0
3255,30.0,13.75,11.0
3256,59.0,13.92,12.0
3257,59.0,6.7,13.0
3258,41.0,20.91,12.0
3259,43.0,32.16,12.0
3260,30.0,11.0,14.0
3261,45.0,13.71,13.0
3262,25.0,17.89,14.0
3263,26.0,10.97,16.0
3264,34.0,16.47,12.0
3265,27.0,15.1,14.0
3266,35.0,3.18,20.0
3267,32.0,8.21,14.0
3268,41.0,14.4,16.0
3269,39.0,9.91,15.0
3270,62.0,10.81,12.0
3271,39.0,13.0,12.0
3272,26.0,8.7,12.0
3273,41.0,29.01,14.0
3274,26.0,16.96,12.0
3275,18.0,7.15,11.0
3276,63.0,15.76,16.0
3277,32.0,10.26,9.0
3278,18.0,7.0,12.0
3279,34.0,25.74,13.0
3280,46.0,26.72,18.0
3281,39.0,8.64,16.0
3282,22.0,10.59,8.0
3283,30.0,8.32,11.0
3284,53.0,45.12,8.0
3285,29.0,9.7,15.0
3286,56.0,25.48,13.0
3287,40.0,33.6,16.0
3288,30.0,17.28,15.0
3289,44.0,23.04,20.0
3290,43.0,6.7,12.0
3291,22.0,6.35,12.0
3292,48.0,31.2,18.0
3293,44.0,30.7,14.0
3294,47.0,12.57,20.0
3295,63.0,11.65,8.0
3296,21.0,8.23,15.0
3297,30.0,18.21,19.0
3298,38.0,17.9,9.0
3299,44.0,23.48,16.0
3300,19.0,8.65,13.0
3301,17.0,6.25,11.0
3302,51.0,32.34,16.0
3303,57.0,22.57,15.0
3304,39.0,19.0,14.0
3305,24.0,18.0,15.0
3306,17.0,6.35,12.0
3307,51.0,13.44,12.0
3308,42.0,15.89,14.0
3309,30.0,15.8,6.0
3310,28.0,17.76,18.0
3311,31.0,11.0,15.0
3312,59.0,16.4,13.0
3313,24.0,23.04,12.0
3314,29.0,6.71,12.0
3315,37.0,18.25,15.0
3316,46.0,14.96,12.0
3317,62.0,10.5,9.0
3318,38.0,13.48,17.0
3319,44.0,28.32,14.0
3320,22.0,8.04,16.0
3321,19.0,6.87,13.0
3322,20.0,6.76,12.0
3323,49.0,38.4,17.0
3324,27.0,22.0,11.0
3325,27.0,18.42,19.0
3326,38.0,6.8,12.0
3327,36.0,23.0,12.0
3328,47.0,8.0,10.0
3329,28.0,19.0,13.0
3330,43.0,13.57,11.0
3331,47.0,18.41,13.0
3332,28.0,15.0,14.0
3333,46.0,24.0,10.0
3334,42.0,12.5,11.0
3335,53.0,19.0,14.0
3336,19.0,10.5,12.0
3337,36.0,21.6,15.0
3338,44.0,11.04,13.0
3339,31.0,10.4,12.0
3340,31.0,17.77,15.0
3341,44.0,28.0,14.0
3342,16.0,6.85,10.0
3343,20.0,6.65,14.0
3344,51.0,25.95,16.0
3345,46.0,21.12,14.0
3346,25.0,14.72,12.0
3347,38.0,7.62,12.0
3348,32.0,14.34,14.0
3349,31.0,12.5,8.0
3350,19.0,10.0,14.0
3351,65.0,8.5,6.0
3352,32.0,24.84,9.0
3353,31.0,26.33,16.0
3354,30.0,15.36,12.0
3355,54.0,16.32,13.0
3356,29.0,11.5,16.0
3357,33.0,14.8,11.0
3358,36.0,26.88,10.0
3359,46.0,13.25,11.0
3360,30.0,16.4,15.0
3361,21.0,6.75,12.0
3362,43.0,19.64,17.0
3363,35.0,7.75,17.0
3364,16.0,6.34,3.0
3365,32.0,15.77,12.0
3366,49.0,15.71,15.0
3367,48.0,19.0,10.0
3368,24.0,11.07,15.0
3369,32.0,18.33,13.0
3370,45.0,6.25,17.0
3371,16.0,6.5,9.0
3372,59.0,14.4,10.0
3373,45.0,19.5,16.0
3374,33.0,17.84,14.0
3375,44.0,17.76,12.0
3376,26.0,15.0,17.0
3377,40.0,7.1,12.0
3378,54.0,21.0,14.0
3379,34.0,25.6,17.0
3380,32.0,8.0,10.0
3381,48.0,20.0,13.0
3382,37.0,39.21,12.0
3383,40.0,8.0,14.0
3384,31.0,22.02,14.0
3385,34.0,16.25,14.0
3386,18.0,6.74,12.0
3387,28.0,13.9,17.0
3388,33.0,19.65,12.0
3389,58.0,12.8,14.0
3390,34.0,26.24,12.0
3391,35.0,28.79,14.0
3392,38.0,15.53,12.0
3393,41.0,13.64,12.0
3394,17.0,6.5,12.0
3395,61.0,26.0,11.0
3396,27.0,13.18,18.0
3397,51.0,16.0,14.0
3398,45.0,33.36,13.0
3399,35.0,10.93,13.0
3400,58.0,26.37,9.0
3401,26.0,11.43,10.0
3402,57.0,18.92,10.0
3403,24.0,7.66,15.0
3404,51.0,23.05,10.0
3405,32.0,7.5,12.0
3406,26.0,13.0,15.0
3407,40.0,27.0,20.0
3408,60.0,29.87,20.0
3409,35.0,10.71,15.0
3410,59.0,6.7,16.0
3411,20.0,6.85,15.0
3412,31.0,25.79,11.0
3413,34.0,5.87,11.0
3414,21.0,6.9,15.0
3415,16.0,5.0,10.0
3416,35.0,7.23,11.0
3417,26.0,21.95,18.0
3418,36.0,16.57,12.0
3419,26.0,13.0,20.0
3420,34.0,16.15,17.0
3421,22.0,6.7,10.0
3422,38.0,16.0,9.0
3423,54.0,15.0,13.0
3424,32.0,14.03,14.0
3425,18.0,6.75,12.0
3426,38.0,26.76,13.0
3427,20.0,8.9,12.0
3428,34.0,26.88,12.0
3429,20.0,5.7,15.0
3430,59.0,46.42,18.0
3431,47.0,7.58,12.0
3432,37.0,13.99,12.0
3433,48.0,14.85,12.0
3434,23.0,7.0,14.0
3435,37.0,3.84,13.0
3436,42.0,17.16,13.0
3437,56.0,20.5,17.0
3438,17.0,6.75,12.0
3439,26.0,9.2,13.0
3440,44.0,17.25,7.0
3441,21.0,6.96,12.0
3442,39.0,23.32,17.0
3443,23.0,11.52,4.0
3444,35.0,24.69,12.0
3445,19.0,6.7,13.0
3446,24.0,18.5,15.0
3447,22.0,9.61,15.0
3448,56.0,16.32,9.0
3449,54.0,13.92,12.0
3450,41.0,7.0,20.0
3451,21.0,6.8,13.0
3452,32.0,16.69,12.0
3453,47.0,9.25,10.0
3454,55.0,39.84,19.0
3455,20.0,42.45,13.0
3456,37.0,29.76,12.0
3457,42.0,16.9,14.0
3458,39.0,8.0,13.0
3459,50.0,8.32,19.0
3460,37.0,13.42,15.0
3461,20.0,9.22,12.0
3462,34.0,12.8,12.0
3463,37.0,7.75,12.0
3464,33.0,25.92,13.0
3465,37.0,20.76,16.0
3466,30.0,12.09,19.0
3467,34.0,18.24,10.0
3468,40.0,11.26,12.0
3469,27.0,11.89,17.0
3470,20.0,7.5,12.0
3471,21.0,7.24,11.0
3472,24.0,9.83,17.0
3473,34.0,12.69,10.0
3474,54.0,11.64,20.0
3475,29.0,16.28,14.0
3476,17.0,7.0,11.0
3477,41.0,8.5,10.0
3478,34.0,12.45,14.0
3479,25.0,16.54,19.0
3480,23.0,13.73,12.0
3481,59.0,7.54,12.0
3482,37.0,11.0,13.0
3483,32.0,15.16,15.0
3484,32.0,13.13,13.0
3485,26.0,20.3,18.0
3486,45.0,10.7,11.0
3487,49.0,19.47,11.0
3488,44.0,35.66,19.0
3489,54.0,14.13,8.0
3490,48.0,19.05,12.0
3491,57.0,23.97,13.0
3492,42.0,26.78,15.0
3493,33.0,24.0,14.0
3494,59.0,7.5,13.0
3495,46.0,14.28,13.0
3496,51.0,16.5,13.0
3497,40.0,10.0,13.0
3498,18.0,7.0,12.0
3499,31.0,22.07,19.0
3500,48.0,28.0,10.0
3501,22.0,6.5,12.0
3502,36.0,27.5,12.0
3503,31.0,18.76,18.0
3504,20.0,7.83,13.0
3505,41.0,10.03,12.0
3506,45.0,23.97,14.0
3507,38.0,22.08,20.0
3508,32.0,24.0,17.0
3509,40.0,14.21,14.0
3510,21.0,7.45,12.0
3511,36.0,34.91,17.0
3512,30.0,48.0,18.0
3513,21.0,6.7,16.0
3514,53.0,23.84,13.0
3515,34.0,19.2,12.0
3516,39.0,14.4,8.0
3517,30.0,6.97,12.0
3518,51.0,7.75,9.0
3519,51.0,35.12,12.0
3520,18.0,6.78,12.0
3521,25.0,20.19,16.0
3522,34.0,20.3,17.0
3523,22.0,6.72,10.0
3524,23.0,6.7,13.0
3525,27.0,23.45,17.0
3526,44.0,34.56,18.0
3527,35.0,23.56,13.0
3528,63.0,18.46,16.0
3529,53.0,14.03,14.0
3530,51.0,27.97,17.0
3531,35.0,23.2,20.0
3532,36.0,16.8,16.0
3533,18.0,6.7,12.0
3534,18.0,6.25,12.0
3535,21.0,6.75,15.0
3536,18.0,6.75,12.0
3537,16.0,8.33,11.0
3538,44.0,18.32,17.0
3539,24.0,8.7,12.0
3540,48.0,20.0,12.0
3541,37.0,14.5,13.0
3542,29.0,12.07,12.0
3543,30.0,19.1,16.0
3544,29.0,10.83,12.0
3545,34.0,10.0,17.0
3546,45.0,14.41,12.0
3547,21.0,10.0,12.0
3548,53.0,21.5,7.0
3549,43.0,28.8,10.0
3550,31.0,13.99,18.0
3551,38.0,29.27,11.0
3552,56.0,26.88,20.0
3553,29.0,14.0,14.0
3554,19.0,6.35,13.0
3555,32.0,17.92,17.0
3556,48.0,14.64,9.0
3557,26.0,12.27,11.0
3558,22.0,7.75,12.0
3559,40.0,11.6,12.0
3560,52.0,11.18,14.0
3561,48.0,12.88,12.0
3562,24.0,13.95,14.0
3563,32.0,21.28,12.0
3564,43.0,7.03,10.0
3565,41.0,18.32,13.0
3566,41.0,19.8,17.0
3567,25.0,10.53,19.0
3568,24.0,7.99,16.0
3569,51.0,14.0,15.0
3570,20.0,8.01,14.0
3571,39.0,16.16,10.0
3572,38.0,14.0,12.0
3573,25.0,12.17,13.0
3574,39.0,21.13,15.0
3575,52.0,22.08,12.0
3576,25.0,8.26,13.0
3577,33.0,10.55,12.0
3578,44.0,15.0,10.0
3579,24.0,8.3,15.0
3580,37.0,10.11,12.0
3581,34.0,24.48,18.0
3582,21.0,7.62,13.0
3583,48.0,26.4,17.0
3584,30.0,7.51,15.0
3585,35.0,17.76,14.0
3586,48.0,29.57,18.0
3587,31.0,22.11,17.0
3588,37.0,17.94,10.0
3589,50.0,7.25,15.0
3590,48.0,7.55,10.0
3591,50.0,29.28,18.0
3592,31.0,13.52,12.0
3593,35.0,26.97,11.0
3594,23.0,13.92,16.0
3595,59.0,27.43,14.0
3596,44.0,16.0,12.0
3597,38.0,9.62,18.0
3598,49.0,13.0,13.0
3599,27.0,13.2,13.0
3600,37.0,31.2,18.0
3601,28.0,16.46,12.0
3602,20.0,7.74,12.0
3603,39.0,21.6,12.0
3604,55.0,6.7,10.0
3605,35.0,12.82,12.0
3606,36.0,7.36,14.0
3607,51.0,6.65,12.0
3608,53.0,16.0,17.0
3609,53.0,18.94,9.0
3610,35.0,31.23,17.0
3611,56.0,16.78,13.0
3612,31.0,14.25,11.0
3613,49.0,18.92,17.0
3614,25.0,7.23,15.0
3615,49.0,12.0,12.0
3616,36.0,24.0,16.0
3617,47.0,26.4,14.0
3618,36.0,11.43,9.0
3619,38.0,34.56,19.0
3620,21.0,9.06,13.0
3621,38.0,16.93,17.0
3622,32.0,11.25,12.0
3623,65.0,42.0,17.0
3624,18.0,8.06,13.0
3625,53.0,17.0,15.0
3626,57.0,30.66,7.0
3627,31.0,8.79,8.0
3628,42.0,34.8,16.0
3629,47.0,7.85,9.0
3630,32.0,19.68,11.0
3631,29.0,17.0,16.0
3632,39.0,15.59,12.0
3633,52.0,20.48,5.0
3634,40.0,6.76,12.0
3635,18.0,6.83,12.0
3636,34.0,16.42,15.0
3637,48.0,26.4,15.0
3638,25.0,27.12,15.0
3639,55.0,27.74,12.0
3640,40.0,14.83,12.0
3641,34.0,18.58,16.0
3642,50.0,13.8,9.0
3643,53.0,12.82,1.0
3644,18.0,7.72,13.0
3645,32.0,24.37,19.0
3646,36.0,19.0,13.0
3647,58.0,10.58,9.0
3648,37.0,10.0,13.0
3649,46.0,7.51,8.0
3650,28.0,16.82,12.0
3651,46.0,9.42,1.0
3652,29.0,6.08,12.0
3653,18.0,7.0,11.0
3654,20.0,8.65,13.0
3655,53.0,16.18,12.0
3656,31.0,12.5,12.0
3657,47.0,24.69,12.0
3658,38.0,19.2,12.0
3659,28.0,22.9,11.0
3660,37.0,14.35,12.0
3661,51.0,43.2,20.0
3662,47.0,23.75,14.0
3663,51.0,17.57,14.0
3664,19.0,7.93,13.0
3665,48.0,19.75,14.0
3666,56.0,8.36,6.0
3667,32.0,18.0,16.0
3668,25.0,20.0,15.0
3669,24.0,7.15,15.0
3670,62.0,30.88,12.0
3671,38.0,19.11,13.0
3672,27.0,17.21,18.0
3673,29.0,10.2,13.0
3674,39.0,32.64,16.0
3675,43.0,23.04,14.0
3676,58.0,19.25,10.0
3677,34.0,13.75,15.0
3678,23.0,7.0,12.0
3679,59.0,23.3,10.0
3680,46.0,18.0,8.0
3681,39.0,17.3,12.0
3682,45.0,18.57,15.0
3683,41.0,13.18,11.0
3684,16.0,6.7,10.0
3685,55.0,45.5,8.0
3686,37.0,18.33,20.0
3687,41.0,20.16,13.0
3688,31.0,14.26,12.0
3689,28.0,6.31,11.0
3690,27.0,5.8,8.0
3691,35.0,13.44,13.0
3692,41.0,14.29,15.0
3693,20.0,7.0,14.0
3694,30.0,6.5,15.0
3695,40.0,36.94,10.0
3696,51.0,24.0,10.0
3697,40.0,14.85,12.0
3698,31.0,13.73,12.0
3699,40.0,17.23,12.0
3700,32.0,29.15,17.0
3701,43.0,13.5,19.0
3702,45.0,17.5,14.0
3703,17.0,6.75,11.0
3704,39.0,19.68,12.0
3705,27.0,16.0,9.0
3706,34.0,14.0,17.0
3707,52.0,23.98,12.0
3708,51.0,19.37,10.0
3709,38.0,10.85,13.0
3710,18.0,6.5,12.0
3711,32.0,27.0,17.0
3712,16.0,7.18,11.0
3713,42.0,17.9,14.0
3714,39.0,25.44,12.0
3715,33.0,8.0,9.0
3716,30.0,19.2,12.0
3717,58.0,17.22,11.0
3718,19.0,6.4,14.0
3719,52.0,14.3,9.0
3720,24.0,8.22,9.0
3721,28.0,18.24,10.0
3722,29.0,6.7,14.0
3723,56.0,17.76,6.0
3724,43.0,22.93,16.0
3725,45.0,23.59,19.0
3726,44.0,14.08,13.0
3727,29.0,10.22,12.0
3728,53.0,24.0,12.0
3729,46.0,18.24,13.0
3730,28.0,7.0,10.0
3731,30.0,12.0,14.0
3732,36.0,21.12,12.0
3733,50.0,37.44,10.0
3734,44.0,14.88,8.0
3735,31.0,20.4,13.0
3736,44.0,15.36,18.0
3737,28.0,9.75,13.0
3738,22.0,6.6,16.0
3739,19.0,6.7,12.0
3740,45.0,24.43,17.0
3741,41.0,16.94,12.0
3742,52.0,29.16,14.0
3743,48.0,13.59,13.0
3744,35.0,17.86,13.0
3745,52.0,24.65,13.0
3746,27.0,11.01,12.0
3747,36.0,23.84,12.0
3748,32.0,12.16,12.0
3749,48.0,10.08,16.0
3750,47.0,14.71,10.0
3751,46.0,10.95,15.0
3752,31.0,7.5,12.0
3753,29.0,10.24,14.0
3754,55.0,18.24,16.0
3755,28.0,7.0,12.0
3756,29.0,6.8,16.0
3757,24.0,6.4,13.0
3758,27.0,23.0,17.0
3759,20.0,6.48,12.0
3760,48.0,7.2,11.0
3761,24.0,15.88,15.0
3762,24.0,15.53,12.0
3763,60.0,8.6,16.0
3764,17.0,6.7,12.0
3765,62.0,25.0,13.0
3766,44.0,15.06,13.0
3767,29.0,14.37,12.0
3768,24.0,7.6,13.0
3769,59.0,4.94,13.0
3770,40.0,14.0,11.0
3771,28.0,19.2,18.0
3772,41.0,21.03,11.0
3773,50.0,22.56,20.0
3774,44.0,21.49,12.0
3775,29.0,21.72,16.0
3776,35.0,10.2,18.0
3777,32.0,21.45,12.0
3778,27.0,18.68,15.0
3779,44.0,11.64,18.0
3780,39.0,15.36,10.0
3781,35.0,12.15,14.0
3782,35.0,5.0,15.0
3783,37.0,22.0,17.0
3784,63.0,10.5,8.0
3785,55.0,13.73,10.0
3786,28.0,8.5,13.0
3787,62.0,28.86,10.0
3788,23.0,10.41,17.0
3789,34.0,19.08,14.0
3790,24.0,9.74,16.0
3791,61.0,6.7,10.0
3792,48.0,19.0,15.0
3793,44.0,31.19,15.0
3794,23.0,14.81,13.0
3795,40.0,8.81,14.0
3796,31.0,18.24,15.0
3797,40.0,20.83,11.0
3798,39.0,20.16,12.0
3799,27.0,14.0,10.0
3800,36.0,18.94,13.0
3801,16.0,6.45,10.0
3802,27.0,11.67,12.0
3803,29.0,10.83,18.0
3804,65.0,21.25,8.0
3805,42.0,8.92,12.0
3806,32.0,11.06,12.0
3807,60.0,14.4,12.0
3808,33.0,17.28,18.0
3809,27.0,12.85,14.0
3810,28.0,29.84,14.0
3811,37.0,19.2,12.0
3812,43.0,8.4,13.0
3813,59.0,14.03,20.0
3814,36.0,23.04,20.0
3815,28.0,15.36,14.0
3816,24.0,12.72,16.0
3817,53.0,32.64,9.0
3818,44.0,31.15,14.0
3819,30.0,15.57,13.0
3820,54.0,17.85,12.0
3821,36.0,14.25,12.0
3822,38.0,15.0,13.0
3823,32.0,15.31,15.0
3824,49.0,12.0,12.0
3825,40.0,13.96,13.0
3826,53.0,15.0,4.0
3827,32.0,30.59,14.0
3828,29.0,18.33,14.0
3829,60.0,11.25,12.0
3830,18.0,7.0,12.0
3831,37.0,3.26,11.0
3832,42.0,15.0,10.0
3833,33.0,19.0,14.0
3834,51.0,29.76,9.0
3835,18.0,6.74,11.0
3836,22.0,8.0,12.0
3837,33.0,12.67,12.0
3838,27.0,13.77,13.0
3839,39.0,14.46,13.0
3840,33.0,12.0,13.0
3841,50.0,29.44,16.0
3842,32.0,23.79,17.0
3843,54.0,9.0,10.0
3844,46.0,24.0,15.0
3845,31.0,8.57,12.0
3846,53.0,7.25,12.0
3847,44.0,6.25,9.0
3848,42.0,12.0,8.0
3849,37.0,28.83,14.0
3850,38.0,19.02,12.0
3851,29.0,14.0,12.0
3852,40.0,17.0,12.0
3853,22.0,8.7,16.0
3854,28.0,18.22,6.0
3855,47.0,16.84,15.0
3856,20.0,6.95,14.0
3857,49.0,9.73,14.0
3858,41.0,18.25,12.0
3859,43.0,23.14,13.0
3860,24.0,12.4,16.0
3861,32.0,7.47,10.0
3862,32.0,3.84,13.0
3863,36.0,8.5,12.0
3864,24.0,7.62,15.0
3865,22.0,11.65,13.0
3866,42.0,18.65,17.0
3867,37.0,38.4,19.0
3868,28.0,22.0,16.0
3869,42.0,17.0,10.0
3870,41.0,25.79,19.0
3871,42.0,16.0,9.0
3872,30.0,16.3,16.0
3873,43.0,15.36,14.0
3874,32.0,15.0,15.0
3875,57.0,23.0,6.0
3876,34.0,14.29,18.0
3877,34.0,21.75,13.0
3878,27.0,9.0,8.0
3879,37.0,17.0,12.0
3880,20.0,11.94,11.0
3881,37.0,11.4,8.0
3882,31.0,22.56,12.0
3883,35.0,28.67,19.0
3884,53.0,16.66,11.0
3885,20.0,6.7,14.0
3886,49.0,19.28,10.0
3887,43.0,12.07,13.0
3888,52.0,25.6,16.0
3889,30.0,27.14,18.0
3890,47.0,22.22,15.0
3891,51.0,29.76,12.0
3892,41.0,30.38,12.0
3893,61.0,12.0,12.0
3894,42.0,27.36,17.0
3895,37.0,4.58,12.0
3896,53.0,33.6,11.0
3897,33.0,13.0,10.0
3898,25.0,12.61,12.0
3899,43.0,12.55,10.0
3900,33.0,13.28,12.0
3901,34.0,21.98,20.0
3902,49.0,19.83,13.0
3903,32.0,6.0,17.0
3904,25.0,12.0,14.0
3905,34.0,14.74,13.0
3906,37.0,14.8,13.0
3907,30.0,17.8,12.0
3908,31.0,7.53,12.0
3909,36.0,14.8,11.0
3910,20.0,44.25,14.0
3911,54.0,24.92,19.0
3912,20.0,9.0,11.0
3913,40.0,5.8,12.0
3914,36.0,18.63,11.0
3915,55.0,21.76,18.0
3916,21.0,10.0,15.0
3917,54.0,18.92,11.0
3918,48.0,12.0,12.0
3919,27.0,16.93,15.0
3920,24.0,12.0,13.0
3921,32.0,18.92,15.0
3922,19.0,6.77,14.0
3923,16.0,5.48,10.0
3924,27.0,19.2,18.0
3925,20.0,6.71,14.0
3926,19.0,6.7,12.0
3927,57.0,27.43,13.0
3928,46.0,37.89,17.0
3929,30.0,11.68,12.0
3930,35.0,31.77,17.0
3931,21.0,6.93,13.0
3932,49.0,8.5,4.0
3933,44.0,10.6,12.0
3934,59.0,28.8,12.0
3935,52.0,13.07,15.0
3936,47.0,16.9,12.0
3937,40.0,26.4,15.0
3938,25.0,10.85,19.0
3939,32.0,17.44,12.0
3940,20.0,8.5,13.0
3941,35.0,12.5,11.0
3942,65.0,12.24,8.0
3943,31.0,13.66,15.0
3944,58.0,23.57,12.0
3945,44.0,16.8,18.0
3946,53.0,19.97,9.0
3947,47.0,32.47,17.0
3948,21.0,8.58,12.0
3949,33.0,15.72,14.0
3950,26.0,7.5,18.0
3951,32.0,12.38,12.0
3952,57.0,18.46,8.0
3953,40.0,25.0,16.0
3954,33.0,32.64,12.0
3955,19.0,7.1,9.0
3956,24.0,8.4,12.0
3957,19.0,10.4,12.0
3958,47.0,11.52,10.0
3959,20.0,6.76,14.0
3960,17.0,29.5,11.0
3961,41.0,18.35,13.0
3962,20.0,6.0,15.0
3963,34.0,18.0,13.0
3964,34.0,19.0,12.0
3965,48.0,34.31,18.0
3966,25.0,8.63,13.0
3967,18.0,7.0,12.0
3968,35.0,15.36,15.0
3969,35.0,6.85,9.0
3970,19.0,6.14,10.0
3971,42.0,16.3,15.0
3972,42.0,26.88,12.0
3973,28.0,6.57,13.0
3974,30.0,20.6,20.0
3975,44.0,10.5,12.0
3976,42.0,6.9,12.0
3977,56.0,26.75,12.0
3978,36.0,41.28,14.0
3979,37.0,3.35,7.0
3980,37.0,10.0,12.0
3981,52.0,13.08,13.0
3982,18.0,7.5,12.0
3983,38.0,12.0,13.0
3984,33.0,27.59,19.0
3985,21.0,5.75,14.0
3986,26.0,10.0,12.0
3987,44.0,23.57,12.0
3988,32.0,14.07,9.0
3989,37.0,5.6,12.0
3990,61.0,16.66,8.0
3991,20.0,6.8,13.0
3992,39.0,22.98,14.0
3993,52.0,30.49,16.0
3994,41.0,22.0,15.0
3995,47.0,11.85,11.0
3996,30.0,23.0,14.0
